{
  "places": [
    {
      "id": "Gates Town",
      "description": "Gates Town -- your home town!",
      "exits": [
        {
          "name": "pokecenter",
          "badge": "",
          "place": "PokeCenter GTown"
        },
        {
          "name": "my house",
          "badge": "",
          "place": "my house"
        },
        {
          "name": "lab",
          "badge": "",
          "place": "lab"
        },
        {
          "name": "route 1110",
          "badge": "",
          "place": "Python Town"
        }
      ]
    },
    {
      "id": "PokeCenter GTown",
      "description": "\"Welcome to Gates Town's Pokecenter!\" - Nurse Joy",
      "exits": [
        {
          "name": "gates town",
          "badge": "",
          "place": "Gates Town"
        }
      ]
    },
    {
      "id": "My house",
      "description": "You are in your house. Your entire room is lined in video games and posters. \n\"You don't need these anymore now that you are starting your own pokemon adventure! You should go outside and head to the lab. Professor Oak is waiting!\" - Mom",
      "exits": [
        {
          "name": "outside",
          "badge": "",
          "place": "Gates Town"
        }
      ]
    },
    {
      "id": "lab",
      "description": "Welcome to the lab. You've got a pokemon. Now go out on your adventure!",
      "exits": [
        {
          "name": "gates town",
          "badge": "",
          "place": "Gates Town"
        }
      ]
    },
    {
      "id": "Python Town",
      "description": "\"As you leave the route, you see a sign: \n\"Welcome to Python Town! Don't forget to take a look at your map to find your way around!\"",
      "exits": [
        {
          "name": "pokecenter",
          "badge": "",
          "place": "PokeCenter PTown"
        },
        {
          "name": "route 2110",
          "badge": "Python Badge",
          "place": "Java Town"
        },
        {
          "name": "route 1110",
          "badge": "",
          "place": "Gates Town"
        },
        {
          "name": "gym 1",
          "badge": "",
          "place": "Python Town"
        }
      ]
    },
    {
      "id": "PokeCenter PTown",
      "description": "\"Welcome to Python Town's Pokecenter!\" - Nurse Joy",
      "exits": [
        {
          "name": "python town",
          "badge": "",
          "place": "Python Town"
        }
      ]
    },
    {
      "id": "Java Town",
      "description": "\"As you leave the route, you see a sign: \n\"Welcome to Java Town, home of the amazing David Gries!\"",
      "exits": [
        {
          "name": "pokecenter",
          "badge": "",
          "place": "PokeCenter JTown"
        },
        {
          "name": "route 2110",
          "badge": "",
          "place": "Python Town"
        },
        {
          "name": "route 3110",
          "badge": "Java Badge",
          "place": "Caml Town"
        },
        {
          "name": "gym 2",
          "badge": "",
          "place": "Java Town"
        }
      ]
    },
    {
      "id": "PokeCenter JTown",
      "description": "\"Welcome to Java Town's Pokecenter!\" - Nurse Joy",
      "exits": [
        {
          "name": "java town",
          "badge": "",
          "place": "Java Town"
        }
      ]
    },
    {
      "id": "Caml Town",
      "description": "Caml Town, the final frontier.",
      "exits": [
        {
          "name": "pokecenter",
          "badge": "",
          "place": "PokeCenter CTown"
        },
        {
          "name": "route 3110",
          "badge": "",
          "place": "Java Town"
        },
        {
          "name": "gym 3",
          "badge": "",
          "place": "Hall of Fame"
        }
      ]
    },
    {
      "id": "Hall of Fame",
      "description": "",
      "exits": []
    },
    {
      "id": "PokeCenter CTown",
      "description": "\"Welcome to Caml Town's Pokecenter!\" - Nurse Joy",
      "exits": [
        {
          "name": "caml town",
          "badge": "",
          "place": "Caml Town"
        }
      ]
    }
  ],
  "start town": "My house",
  "route_file": "routes.json",
  "pokemon_file": "pokemon.json"
}