{
  "tackle": {
    "desc": "A physical attack in which the user charges and slams into the target with its whole body.",
    "power": 40.0,
    "special": false,
    "accuracy": 100.0,
    "type": "normal",
    "uses": 35,
    "status": []
  },
  "scratch": {
    "desc": "Hard, pointed, sharp claws rake the target to inflict damage.",
    "power": 40.0,
    "special": false,
    "accuracy": 100.0,
    "type": "normal",
    "uses": 35,
    "status": []
  },
  "struggle": {
    "desc": "This attack is used in desperation only if the user has no PP. It also damages the user a little.",
    "power": 50.0,
    "special": false,
    "accuracy": 100.0,
    "type": "normal",
    "uses": 100,
    "status": []
  },
  "pulverizing pancake": {
    "desc": "The Pokémon moves its enormous body energetically and attacks the target with full force.",
    "power": 210.0,
    "special": false,
    "accuracy": 100.0,
    "type": "normal",
    "uses": 5,
    "status": []
  },
  "blast burn": {
    "desc": "The target is razed by a fiery explosion. The user can't move on the next turn.",
    "power": 150.0,
    "special": true,
    "accuracy": 90.0,
    "type": "fire",
    "uses": 3,
    "status": []
  },
  "ember": {
    "desc": "The target is attacked with small flames. This may also leave the target with a burn.",
    "power": 25.0,
    "special": true,
    "accuracy": 100.0,
    "type": "fire",
    "uses": 40,
    "status": [
      "burn foe 10.0"
    ]
  },
  "flamethrower": {
    "desc": "The target is scorched with an intense blast of fire. This may also leave the target with a burn.",
    "power": 90.0,
    "special": true,
    "accuracy": 100.0,
    "type": "fire",
    "uses": 15,
    "status": [
      "burn foe 10.0"
    ]
  },
  "leaf blade": {
    "desc": "The user handles a sharp leaf like a sword and attacks by cutting its target.",
    "power": 90.0,
    "special": false,
    "accuracy": 100.0,
    "type": "grass",
    "uses": 15,
    "status": []
  },
  "vine whip": {
    "desc": "The target is struck with slender, whiplike vines to inflict damage.",
    "power": 45.0,
    "special": false,
    "accuracy": 100.0,
    "type": "grass",
    "uses": 25,
    "status": []
  },
  "bubble": {
    "desc": "A spray of countless bubbles is jetted at the opposing Pokémon. This may also lower their Speed stat.",
    "power": 40.0,
    "special": true,
    "accuracy": 100.0,
    "type": "water",
    "uses": 30,
    "status": []
  },
  "water gun": {
    "desc": "The target is blasted with a forceful shot of water.",
    "power": 40.0,
    "special": false,
    "accuracy": 100.0,
    "type": "water",
    "uses": 25,
    "status": []
  },
  "bubble beam": {
    "desc": "A spray of bubbles is forcefully ejected at the target.",
    "power": 65.0,
    "special": false,
    "accuracy": 100.0,
    "type": "water",
    "uses": 20,
    "status": []
  },
  "hydro cannon": {
    "desc": "The target is hit with a watery blast.",
    "power": 150.0,
    "special": true,
    "accuracy": 90.0,
    "type": "water",
    "uses": 5,
    "status": []
  },
  "Oceanic Operetta": {
    "desc": "The user, Primarina, summons a massive amount of water using its Z-Power and attacks the target with full force.",
    "power": 195.0,
    "special": true,
    "accuracy": 100000.0,
    "type": "water",
    "uses": 1,
    "status": []
  },
  "thundershock": {
    "desc": "A jolt of electricity crashes down on the target to inflict damage. This may also leave the target with paralysis.",
    "power": 40.0,
    "special": true,
    "accuracy": 100.0,
    "type": "electric",
    "uses": 30,
    "status": [
      "paralyze foe 10.0"
    ]
  },
  "spark": {
    "desc": "The user throws an electrically charged tackle at the target. This may also leave the target with paralysis.",
    "power": 65.0,
    "special": true,
    "accuracy": 100.0,
    "type": "electric",
    "uses": 20,
    "status": [
      "paralyze foe 30.0"
    ]
  },
  "zippy zap": {
    "desc": "The user attacks the target with bursts of electricity at high speed.",
    "power": 60.0,
    "special": true,
    "accuracy": 100.0,
    "type": "electric",
    "uses": 10,
    "status": [
      "paralyze foe 30.0"
    ]
  },
  "thunderbolt": {
    "desc": "A strong electric blast crashes down on the target.",
    "power": 90.0,
    "special": true,
    "accuracy": 100.0,
    "type": "electric",
    "uses": 15,
    "status": [
      "paralyze foe 30.0"
    ]
  },
  "thunder": {
    "desc": "A wicked thunderbolt is dropped on the target to inflict damage. This may also leave the target with paralysis.",
    "power": 110.0,
    "special": true,
    "accuracy": 70.0,
    "type": "electric",
    "uses": 5,
    "status": [
      "paralyze foe 30.0"
    ]
  },
  "10,000,000 Volt Thunderbolt": {
    "desc": "The user powers up a jolt of electricity using its Z-Power and unleashes it.",
    "power": 195.0,
    "special": true,
    "accuracy": 100000.0,
    "type": "electric",
    "uses": 1,
    "status": []
  },
  "bone club": {
    "desc": "The user clubs the target with a bone. This may also make the target flinch.",
    "power": 65.0,
    "special": false,
    "accuracy": 85.0,
    "type": "ground",
    "uses": 20,
    "status": [
      "flinch foe 10.0"
    ]
  },
  "precipice blades": {
    "desc": "The user attacks opposing Pokémon by manifesting the power of the land in fearsome blades of stone.",
    "power": 120.0,
    "special": false,
    "accuracy": 85.0,
    "type": "ground",
    "uses": 5,
    "status": []
  },
  "bite": {
    "desc": "The target is bitten with viciously sharp fangs. This may also make the target flinch.",
    "power": 60.0,
    "special": false,
    "accuracy": 100.0,
    "type": "dark",
    "uses": 25,
    "status": [
      "flinch foe 10.0"
    ]
  },
  "gust": {
    "desc": "A gust of wind is whipped up by wings and launched at the target to inflict damage.",
    "power": 40.0,
    "special": false,
    "accuracy": 100.0,
    "type": "flying",
    "uses": 35,
    "status": []
  },
  "super fang": {
    "desc": "The user chomps hard on the target with its sharp front fangs. This cuts the target's HP in half.",
    "power": 0.0,
    "special": false,
    "accuracy": 100.0,
    "type": "normal",
    "uses": 10,
    "status": []
  },
  "slam": {
    "desc": "The target is slammed with a long tail, vines, or the like to inflict damage.",
    "power": 80.0,
    "special": false,
    "accuracy": 75.0,
    "type": "normal",
    "uses": 20,
    "status": []
  },
  "defense curl": {
    "desc": "The user curls up to conceal weak spots and raise its Defense stat.",
    "power": 0.0,
    "special": false,
    "accuracy": 100000.0,
    "type": "normal",
    "uses": 40,
    "status": [
      "DEF 1 self 100.0"
    ]
  },
  "agility": {
    "desc": "The user relaxes and lightens its body to move faster. This sharply raises the Speed stat.",
    "power": 0.0,
    "special": false,
    "accuracy": 100000.0,
    "type": "psychic",
    "uses": 30,
    "status": [
      "SPD 2 self 100.0"
    ]
  },
  "growl": {
    "desc": "The user growls in an endearing way, making the foe less wary. The target's Attack stat is lowered.",
    "power": 0.0,
    "special": false,
    "accuracy": 100.0,
    "type": "normal",
    "uses": 40,
    "status": [
      "ATK -1 foe 100.0"
    ]
  },
  "rest": {
    "desc": "The user goes to sleep for two turns. This fully restores the user's HP and heals any status conditions.",
    "power": 0.0,
    "special": false,
    "accuracy": 100000.0,
    "type": "psychic",
    "uses": 10,
    "status": [
      "rest"
    ]
  },
  "thunder wave": {
    "desc": "The user launches a weak jolt of electricity that paralyzes the target.",
    "power": 0.0,
    "special": false,
    "accuracy": 100.0,
    "type": "electric",
    "uses": 30,
    "status": [
      "paralyze foe 100.0"
    ]
  },
  "crunch": {
    "desc": "The user crunches up the target with sharp fangs. This may also lower the target's Defense stat.",
    "power": 80.0,
    "special": false,
    "accuracy": 100.0,
    "type": "dark",
    "uses": 15,
    "status": [
      "DEF -1 foe 20.0"
    ]
  },
  "crabhammer": {
    "desc": "The target is hammered with a large pincer.",
    "power": 100.0,
    "special": false,
    "accuracy": 90.0,
    "type": "water",
    "uses": 10,
    "status": []
  },
  "absorb": {
    "desc": "A nutrient-draining attack. The user's HP is restored by half the damage taken by the target.",
    "power": 20.0,
    "special": true,
    "accuracy": 100.0,
    "type": "grass",
    "uses": 15,
    "status": [
      "heal self 0.5"
    ]
  },
  "mega drain": {
    "desc": "A nutrient-draining attack. The user's HP is restored by half the damage taken by the target.",
    "power": 40.0,
    "special": true,
    "accuracy": 100.0,
    "type": "grass",
    "uses": 10,
    "status": [
      "heal self 0.5"
    ]
  },
  "giga drain": {
    "desc": "A nutrient-draining attack. The user's HP is restored by half the damage taken by the target",
    "power": 75.0,
    "special": true,
    "accuracy": 100.0,
    "type": "grass",
    "uses": 10,
    "status": [
      "heal self 0.5"
    ]
  },
  "hydro pump": {
    "desc": "The target is blasted by a huge volume of water launched under great pressure.",
    "power": 110.0,
    "special": true,
    "accuracy": 80.0,
    "type": "water",
    "uses": 5,
    "status": []
  },
  "sing": {
    "desc": "A soothing lullaby is sung in a calming voice that puts the target into a deep slumber.",
    "power": 0.0,
    "special": false,
    "accuracy": 55.0,
    "type": "normal",
    "uses": 15,
    "status": [
      "sleep foe 100.0"
    ]
  },
  "pound": {
    "desc": "The target is physically pounded with a long tail, a foreleg, or the like.",
    "power": 40.0,
    "special": false,
    "accuracy": 100.0,
    "type": "normal",
    "uses": 35,
    "status": []
  },
  "body slam": {
    "desc": "The user drops onto the target with its full body weight. This may also leave the target with paralysis.",
    "power": 85.0,
    "special": false,
    "accuracy": 100.0,
    "type": "normal",
    "uses": 15,
    "status": [
      "paralyze foe 30.0"
    ]
  },
  "double-edge": {
    "desc": "A reckless, life-risking tackle in which the user rushes the target. This also damages the user quite a lot.",
    "power": 120.0,
    "special": false,
    "type": "normal",
    "accuracy": 100.0,
    "uses": 15,
    "status": [
      "hurt self 0.25"
    ]
  },
  "wing attack": {
    "desc": "The target is struck with large, imposing wings spread wide to inflict damage.",
    "power": 60.0,
    "special": false,
    "type": "flying",
    "accuracy": 100.0,
    "uses": 35,
    "status": []
  },
  "string shot": {
    "desc": "Opposing Pokémon are bound with silk blown from the user's mouth that harshly lowers the Speed stat.",
    "power": 0.0,
    "special": true,
    "accuracy": 95.0,
    "type": "bug",
    "uses": 40,
    "status": [
      "SPE -2 foe 100.0"
    ]
  },
  "harden": {
    "desc": "The user stiffens all the muscles in its body to raise its Defense stat.",
    "power": 0.0,
    "special": true,
    "accuracy": 100000.0,
    "type": "normal",
    "uses": 30,
    "status": [
      "DEF 1 self 100.0"
    ]
  },
  "bug bite": {
    "desc": "The user bites the target.",
    "power": 60.0,
    "special": false,
    "accuracy": 100.0,
    "type": "bug",
    "uses": 20,
    "status": []
  },
  "poison powder": {
    "desc": "The user scatters a cloud of poisonous dust that poisons the target.",
    "power": 0.0,
    "special": true,
    "accuracy": 75.0,
    "type": "poison",
    "uses": 35,
    "status": [
      "poison foe 100.0"
    ]
  },
  "stun spore": {
    "desc": "The user scatters a cloud of numbing powder that paralyzes the target.",
    "power": 0.0,
    "special": true,
    "accuracy": 75.0,
    "type": "grass",
    "uses": 30,
    "status": [
      "paralyze foe 100.0"
    ]
  },
  "sleep powder": {
    "desc": "The user scatters a big cloud of sleep-inducing dust around the target.",
    "power": 0.0,
    "special": true,
    "accuracy": 75.0,
    "type": "grass",
    "uses": 15,
    "status": [
      "sleep foe 100.0"
    ]
  },
  "psybeam": {
    "desc": "The target is attacked with a peculiar ray. This may also leave the target confused.",
    "power": 65.0,
    "special": true,
    "accuracy": 100.0,
    "type": "psychic",
    "uses": 20,
    "status": [
      "confuse foe 10.0"
    ]
  },
  "air slash": {
    "desc": "The user attacks with a blade of air that slices even the sky. This may also make the target flinch.",
    "power": 75.0,
    "special": true,
    "accuracy": 95.0,
    "type": "flying",
    "uses": 15,
    "status": [
      "flinch foe 30.0"
    ]
  },
  "bug buzz": {
    "desc": "The user generates a damaging sound wave by vibration. This may also lower the target's Sp. Def stat.",
    "power": 90.0,
    "special": true,
    "accuracy": 100.0,
    "type": "bug",
    "uses": 10,
    "status": [
      "SPD -1 foe 10.0"
    ]
  },
  "rock throw": {
    "desc": "The user picks up and throws a small rock at the target to attack.",
    "power": 50.0,
    "special": false,
    "accuracy": 90.0,
    "type": "rock",
    "uses": 15,
    "status": []
  },
  "rock slide": {
    "desc": "Large boulders are hurled at opposing Pokémon to inflict damage. This may also make the opposing Pokémon flinch.",
    "power": 75.0,
    "special": false,
    "accuracy": 90.0,
    "type": "rock",
    "uses": 10,
    "status": [
      "flinch foe 30.0"
    ]
  },
  "dark pulse": {
    "desc": "The user releases a horrible aura imbued with dark thoughts. This may also make the target flinch.",
    "power": 80.0,
    "special": true,
    "accuracy": 100.0,
    "type": "dark",
    "uses": 15,
    "status": [
      "flinch foe 20.0"
    ]
  },
  "earthquake": {
    "desc": "The user sets off an earthquake that strikes every Pokémon around it.",
    "power": 100.0,
    "special": false,
    "accuracy": 100.0,
    "type": "ground",
    "uses": 10,
    "status": []
  },
  "stone edge": {
    "desc": "The user stabs the target from below with sharpened stones.",
    "power": 100.0,
    "special": false,
    "accuracy": 80.0,
    "type": "rock",
    "uses": 5,
    "status": []
  },
  "metal claw": {
    "desc": "The target is raked with steel claws. This may also raise the user's Attack stat.",
    "power": 50.0,
    "special": false,
    "accuracy": 95.0,
    "type": "steel",
    "uses": 35,
    "status": [
      "ATK 1 self 10.0"
    ]
  },
  "rock smash": {
    "desc": "The user attacks with a punch. This may also lower the target's Defense stat.",
    "power": 40.0,
    "special": false,
    "accuracy": 100.0,
    "type": "fighting",
    "uses": 15,
    "status": [
      "DEF -1 foe 50.0"
    ]
  },
  "swords dance": {
    "desc": "A frenetic dance to uplift the fighting spirit. This sharply raises the user's Attack stat.",
    "power": 0.0,
    "special": true,
    "accuracy": 100000.0,
    "type": "normal",
    "uses": 20,
    "status": [
      "ATK 2 self 100.0"
    ]
  },
  "force palm": {
    "desc": "The target is attacked with a shock wave. This may also leave the target with paralysis.",
    "power": 60.0,
    "special": false,
    "accuracy": 100.0,
    "type": "fighting",
    "uses": 10,
    "status": [
      "paralyze foe 30.0"
    ]
  },
  "aura sphere": {
    "desc": "The user lets loose a blast of aura power from deep within its body at the target. This attack never misses.",
    "power": 80.0,
    "special": true,
    "accuracy": 100000.0,
    "type": "fighting",
    "uses": 20,
    "status": []
  },
  "meteor mash": {
    "desc": "The target is hit with a hard punch fired like a meteor. This may also raise the user's Attack stat.",
    "power": 90.0,
    "special": false,
    "accuracy": 90.0,
    "type": "fighting",
    "uses": 10,
    "status": [
      "ATK 1 self 20.0"
    ]
  },
  "dragon pulse": {
    "desc": "The target is attacked with a shock wave generated by the user's gaping mouth.",
    "power": 85.0,
    "special": true,
    "accuracy": 100.0,
    "type": "dragon",
    "uses": 10,
    "status": []
  },
  "close combat": {
    "desc": "The user fights the target up close without guarding itself. This also lowers the user's Defense and Sp. Def stats.",
    "power": 120.0,
    "special": false,
    "accuracy": 100.0,
    "type": "fighting",
    "uses": 5,
    "status": [
      "DEF -1 self 100.0",
      "SPD -1 self 100.0"
    ]
  },
  "leer": {
    "desc": "The user gives opposing Pokémon an intimidating leer that lowers the Defense stat.",
    "power": 0.0,
    "special": true,
    "accuracy": 100.0,
    "type": "normal",
    "uses": 30,
    "status": [
      "DEF -1 foe 100.0"
    ]
  },
  "low sweep": {
    "desc": "The user makes a swift attack on the target's legs, which lowers the target's Speed stat.",
    "power": 65.0,
    "special": false,
    "accuracy": 100.0,
    "type": "fighting",
    "uses": 20,
    "status": [
      "SPE -1 foe 100.0"
    ]
  },
  "scary face": {
    "desc": "The user frightens the target with a scary face to harshly lower its Speed stat.",
    "power": 0.0,
    "special": true,
    "accuracy": 100.0,
    "type": "normal",
    "uses": 10,
    "status": [
      "SPE -2 foe 100.0"
    ]
  },
  "strength": {
    "desc": "The target is slugged with a punch thrown at maximum power.",
    "power": 80.0,
    "special": false,
    "accuracy": 100.0,
    "type": "normal",
    "uses": 15,
    "status": []
  },
  "dual chop": {
    "desc": "The user attacks its target by hitting it with brutal strikes.",
    "power": 80.0,
    "special": false,
    "accuracy": 90.0,
    "type": "dragon",
    "uses": 15,
    "status": []
  },
  "bulk up": {
    "desc": "The user tenses its muscles to bulk up its body, raising both its Attack and Defense stats.",
    "power": 0.0,
    "special": true,
    "accuracy": 100.0,
    "type": "fighting",
    "uses": 20,
    "status": [
      "DEF 1 self 100.0",
      "ATK 1 self 100.0"
    ]
  },
  "dynamic punch": {
    "desc": "The user punches the target with full, concentrated power. This confuses the target if it hits.",
    "power": 100.0,
    "special": false,
    "accuracy": 50.0,
    "type": "fighting",
    "uses": 5,
    "status": [
      "confuse foe 100.0"
    ]
  },
  "cross chop": {
    "desc": "The user delivers a double chop with its forearms crossed.",
    "power": 100.0,
    "special": false,
    "accuracy": 80.0,
    "type": "fighting",
    "uses": 5,
    "status": []
  },
  "sand attack": {
    "desc": "Sand is hurled in the target's face, reducing the target's accuracy.",
    "power": 0.0,
    "special": false,
    "accuracy": 100.0,
    "type": "ground",
    "uses": 15,
    "status": [
      "ACC -1 foe 100.0"
    ]
  },
  "astonish": {
    "desc": "The user attacks the target while shouting in a startling fashion. This may also make the target flinch",
    "power": 30.0,
    "special": false,
    "accuracy": 100.0,
    "type": "ghost",
    "uses": 15,
    "status": [
      "flinch foe 30.0"
    ]
  },
  "twister": {
    "desc": "The user whips up a vicious tornado to tear at opposing Pokémon. This may also make them flinch.",
    "power": 40.0,
    "special": true,
    "accuracy": 100.0,
    "type": "dragon",
    "uses": 20,
    "status": [
      "flinch foe 20.0"
    ]
  },
  "acid spray": {
    "desc": "The user spits fluid that works to melt the target. This harshly lowers the target's Sp. Def stat",
    "power": 40.0,
    "special": true,
    "accuracy": 100.0,
    "type": "poison",
    "uses": 20,
    "status": [
      "SPD -2 foe 20.0"
    ]
  },
  "dragon breath": {
    "desc": "The user exhales a mighty gust that inflicts damage. This may also leave the target with paralysis.",
    "power": 60.0,
    "special": true,
    "accuracy": 100.0,
    "type": "dragon",
    "uses": 20,
    "status": [
      "paralyze foe 30.0"
    ]
  },
  "dragon dance": {
    "desc": "The user vigorously performs a mystic, powerful dance that raises its Attack and Speed stats.",
    "power": 0.0,
    "special": false,
    "accuracy": 100000.0,
    "type": "dragon",
    "uses": 20,
    "status": [
      "ATK 1 self 100.0",
      "SPE 1 self 100.0"
    ]
  },
  "grav apple": {
    "desc": "The user inflicts damage by dropping an apple from high above. This also lowers the target's Defense stat.",
    "power": 80.0,
    "special": false,
    "accuracy": 100.0,
    "type": "grass",
    "uses": 10,
    "status": [
      "ATK -1 foe 100.0"
    ]
  },
  "iron defense": {
    "desc": "The user hardens its body's surface like iron, sharply raising its Defense stat.",
    "power": 0.0,
    "special": false,
    "accuracy": 100000.0,
    "type": "steel",
    "uses": 15,
    "status": [
      "DEF 2 self 100.0"
    ]
  },
  "iron head": {
    "desc": "The user slams the target with its steel-hard head. This may also make the target flinch.",
    "power": 80.0,
    "special": false,
    "accuracy": 100.0,
    "type": "steel",
    "uses": 15,
    "status": [
      "flinch foe 30.0"
    ]
  },
  "geomancy": {
    "desc": "The user absorbs energy and sharply raises its Sp. Atk, Sp. Def, and Speed stats.",
    "power": 0.0,
    "special": true,
    "accuracy": 100.0,
    "type": "fairy",
    "uses": 15,
    "status": [
      "SPA 2 self 100.0",
      "SPD 2 self 100.0"
    ]
  },
  "moonblast": {
    "desc": "Borrowing the power of the moon, the user attacks the target. This may also lower the target's Sp. Atk stat.",
    "power": 95.0,
    "special": true,
    "accuracy": 100.0,
    "type": "fairy",
    "uses": 15,
    "status": [
      "SPA -1 foe 30.0"
    ]
  },
  "dragon rush": {
    "desc": "The user tackles the target while exhibiting overwhelming menace. This may also make the target flinch.",
    "power": 100.0,
    "special": false,
    "accuracy": 75.0,
    "type": "dragon",
    "uses": 10,
    "status": [
      "flinch foe 20.0"
    ]
  },
  "outrage": {
    "desc": "The user rampages and attacks. The user becomes confused.",
    "power": 120.0,
    "special": false,
    "accuracy": 100.0,
    "type": "dragon",
    "uses": 10,
    "status": [
      "confuse self 100.0"
    ]
  },
  "endeavor": {
    "desc": "This attack move cuts down the target's HP to equal the user's HP.",
    "power": 0.0,
    "special": false,
    "accuracy": 100.0,
    "type": "normal",
    "uses": 5,
    "status": [
      "endeavor"
    ]
  },
  "take down": {
    "desc": "A reckless, full-body charge attack for slamming into the target. This also damages the user a little.",
    "power": 90.0,
    "special": false,
    "accuracy": 85.0,
    "type": "normal",
    "uses": 20,
    "status": [
      "hurt self 0.25"
    ]
  },
  "aerial ace": {
    "desc": "The user confounds the target with speed, then slashes. This attack never misses.",
    "power": 60.0,
    "special": false,
    "accuracy": 100000.0,
    "type": "flying",
    "uses": 20,
    "status": []
  },
  "brave bird": {
    "desc": "The user tucks in its wings and charges from a low altitude. This also damages the user quite a lot.",
    "power": 120.0,
    "special": false,
    "accuracy": 100.0,
    "type": "flying",
    "uses": 15,
    "status": [
      "hurt self 0.33"
    ]
  },
  "final gambit": {
    "desc": "The user risks everything to attack its target. The user faints but does damage equal to its HP.",
    "power": 0.0,
    "special": false,
    "accuracy": 100.0,
    "type": "fighting",
    "uses": 5,
    "status": [
      "final gambit"
    ]
  },
  "tail whip": {
    "desc": "The user wags its tail cutely, making opposing Pokémon less wary and lowering their Defense stat.",
    "power": 0.0,
    "special": false,
    "accuracy": 100.0,
    "type": "normal",
    "uses": 30,
    "status": [
      "DEF -1 foe 100.0"
    ]
  },
  "hyper fang": {
    "desc": "The user bites hard on the target with its sharp front fangs. This may also make the target flinch.",
    "power": 80.0,
    "special": false,
    "accuracy": 90.0,
    "type": "noraml",
    "uses": 15,
    "status": [
      "flinch foe 10.0"
    ]
  },
  "earth power": {
    "desc": "The user makes the ground under the target erupt with power. This may also lower the target's Sp. Def stat.",
    "power": 90.0,
    "special": true,
    "accuracy": 100.0,
    "type": "ground",
    "uses": 10,
    "status": [
      "SPD -1 foe 10.0"
    ]
  },
  "lava plume": {
    "desc": "The user torches everything around it in an inferno of scarlet flames. This may also leave those it hits with a burn.",
    "power": 80.0,
    "special": true,
    "accuracy": 100.0,
    "type": "fire",
    "uses": 15,
    "status": [
      "burn foe 30.0"
    ]
  },
  "amnesia": {
    "desc": "The user temporarily empties its mind to forget its concerns. This sharply raises the user's Sp. Def stat.",
    "power": 0.0,
    "special": false,
    "accuracy": 100000.0,
    "type": "psychic",
    "uses": 20,
    "status": [
      "SPD 2 self 100.0"
    ]
  },
  "swagger": {
    "desc": "The user enrages and confuses the target. However, this also sharply raises the target's Attack stat",
    "power": 0.0,
    "special": false,
    "accuracy": 85.0,
    "type": "normal",
    "uses": 15,
    "status": [
      "confuse foe 100.0",
      "ATK 2 foe 100.0"
    ]
  },
  "stomp": {
    "desc": "The target is stomped with a big foot. This may also make the target flinch.",
    "power": 65.0,
    "special": false,
    "accuracy": 100.0,
    "type": "normal",
    "uses": 20,
    "status": [
      "flinch foe 30.0"
    ]
  },
  "fire fang": {
    "desc": "The user bites with flame-cloaked fangs. This may also make the target flinch or leave it with a burn.",
    "power": 65.0,
    "special": false,
    "accuracy": 95.0,
    "type": "fire",
    "uses": 15,
    "status": [
      "burn foe 10.0",
      "flinch foe 10.0"
    ]
  },
  "hyper voice": {
    "desc": "The user lets loose a horribly echoing shout with the power to inflict damage",
    "power": 90.0,
    "special": true,
    "accuracy": 100.0,
    "type": "normal",
    "uses": 10,
    "status": []
  },
  "recover": {
    "desc": "Restoring its own cells, the user restores its own HP by half of its max HP.",
    "power": 0.0,
    "special": false,
    "accuracy": 100000.0,
    "type": "normal",
    "uses": 10,
    "status": [
      "heal self half"
    ]
  },
  "judgement": {
    "desc": "The user releases countless shots of light at the target. ",
    "power": 100.0,
    "special": true,
    "accuracy": 100.0,
    "type": "normal",
    "uses": 10,
    "status": []
  },
  "cosmic power": {
    "desc": "The user absorbs a mystical power from space to raise its Defense and Sp. Def stats.",
    "power": 0.0,
    "special": false,
    "accuracy": 100000.0,
    "type": "normal",
    "uses": 20,
    "status": [
      "DEF 1 self 100.0",
      "SPD 1 self 100.0"
    ]
  },
  "growth": {
    "desc": "The user's body grows all at once, raising the Attack and Sp. Atk stats.",
    "power": 0.0,
    "special": false,
    "accuracy": 100000.0,
    "type": "normal",
    "uses": 20,
    "status": [
      "ATK 1 self 100.0",
      "SPA 1 self 100.0"
    ]
  },
  "razor leaf": {
    "desc": "Sharp-edged leaves are launched to slash at opposing Pokémon. Critical hits land more easily",
    "power": 55.0,
    "special": false,
    "accuracy": 95.0,
    "type": "grass",
    "uses": 25,
    "status": []
  },
  "seed bomb": {
    "desc": "The user slams a barrage of hard-shelled seeds down on the target from above.",
    "power": 80.0,
    "special": false,
    "accuracy": 100.0,
    "type": "grass",
    "uses": 15,
    "status": []
  },
  "synthesis": {
    "desc": "The user restores half of its own HP",
    "power": 0.0,
    "special": false,
    "accuracy": 100000.0,
    "type": "grass",
    "uses": 5,
    "status": [
      "heal self half"
    ]
  },
  "solar beam": {
    "desc": "the user gathers light and blasts a bundled beam at the target in the same turn.",
    "power": 100.0,
    "special": false,
    "accuracy": 100.0,
    "type": "grass",
    "uses": 15,
    "status": []
  },
  "smokescreen": {
    "desc": "The user releases an obscuring cloud of smoke or ink. This lowers the target's accuracy.",
    "power": 0.0,
    "special": false,
    "accuracy": 100.0,
    "type": "normal",
    "uses": 20,
    "status": [
      "ACC -1 foe 100.0"
    ]
  },
  "slash": {
    "desc": "The target is attacked with a slash of claws or blades.",
    "power": 70.0,
    "special": false,
    "accuracy": 100.0,
    "type": "normal",
    "uses": 20,
    "status": []
  },
  "inferno": {
    "desc": "The user attacks by engulfing the target in an intense fire. This leaves the target with a burn.",
    "power": 100.0,
    "special": true,
    "accuracy": 50.0,
    "type": "fire",
    "uses": 5,
    "status": [
      "burn foe 100.0"
    ]
  },
  "flare blitz": {
    "desc": "The user cloaks itself in fire and charges the target. This also damages the user quite a lot. This attack may leave the target with a burn.",
    "power": 120.0,
    "special": false,
    "accuracy": 100.0,
    "type": "fire",
    "uses": 15,
    "status": [
      "hurt self 0.33",
      "burn foe 10.0"
    ]
  },
  "rapid spin": {
    "desc": "The user makes a spin attack. This also raises the user's Speed stat.",
    "power": 50.0,
    "special": false,
    "accuracy": 100.0,
    "type": "normal",
    "uses": 40,
    "status": [
      "SPE 1 self 100.0"
    ]
  },
  "withdraw": {
    "desc": "The user withdraws its body into its hard shell, raising its Defense stat.",
    "power": 0.0,
    "special": false,
    "accuracy": 100000.0,
    "type": "water",
    "uses": 40,
    "status": [
      "DEF 1 self 100.0"
    ]
  },
  "water pulse": {
    "desc": "The user attacks the target with a pulsing blast of water. This may also confuse the target.",
    "power": 60.0,
    "special": true,
    "accuracy": 100.0,
    "type": "water",
    "uses": 60,
    "status": [
      "confuse foe 20.0"
    ]
  },
  "aqua tail": {
    "desc": "The user attacks by swinging its tail as if it were a vicious wave in a raging storm",
    "power": 90.0,
    "special": false,
    "accuracy": 90.0,
    "type": "water",
    "uses": 10,
    "status": []
  },
  "shell smash": {
    "desc": "The user breaks its shell, which lowers Defense and Sp. Def stats but sharply raises its Attack, Sp. Atk, and Speed stats.",
    "power": 0.0,
    "special": false,
    "accuracy": 100000.0,
    "type": "normal",
    "uses": 15,
    "status": [
      "DEF -1 self 100.0",
      "SPD -1 self 100.0",
      "ATK 2 self 100.0",
      "SPA 2 self 100.0",
      "SPE 2 self 100.0"
    ]
  },
  "will-o-wisp": {
    "desc": "The user shoots a sinister flame at the target to inflict a burn.",
    "power": 0.0,
    "special": true,
    "accuracy": 85.0,
    "type": "fire",
    "uses": 15,
    "status": [
      "burn foe 100.0"
    ]
  },
  "confuse ray": {
    "desc": "The target is exposed to a sinister ray that triggers confusion.",
    "power": 0.0,
    "special": true,
    "accuracy": 100.0,
    "type": "ghost",
    "uses": 10,
    "status": [
      "confuse foe 100.0"
    ]
  },
  "poison sting": {
    "desc": "The user stabs the target with a poisonous stinger. This may also poison the target.",
    "power": 35.0,
    "special": false,
    "accuracy": 100.0,
    "type": "poison",
    "uses": 15,
    "status": [
      "poison foe 30.0"
    ]
  },
  "dragon ascent": {
    "desc": "After soaring upward, the user attacks its target by dropping out of the sky at high speeds, although it lowers its own Defense and Sp. Def in the process.",
    "power": 120.0,
    "special": false,
    "accuracy": 100.0,
    "type": "flying",
    "uses": 5,
    "status": [
      "DEF -1 self 100.0",
      "SPD -1 self 100.0"
    ]
  },
  "blizzard": {
    "desc": "A howling blizzard is summoned to strike opposing Pokémon. This may also leave the opposing Pokémon frozen.",
    "power": 120.0,
    "special": true,
    "accuracy": 90.0,
    "type": "ice",
    "uses": 5,
    "status": [
      "freeze foe 30.0"
    ]
  },
  "fake out": {
    "desc": "This attack hits first and makes the target flinch. It only works the first turn each time the user enters battle.",
    "power": 40.0,
    "special": false,
    "accuracy": 100.0,
    "type": "normal",
    "uses": 10,
    "status": [
      "flinch foe 100.0"
    ]
  },
  "ice fang": {
    "desc": "The user bites with cold-infused fangs. This may also make the target flinch or leave it frozen.",
    "power": 65.0,
    "special": false,
    "accuracy": 95.0,
    "type": "ice",
    "uses": 15,
    "status": [
      "freeze foe 10.0"
    ]
  },
  "false swipe": {
    "desc": "A restrained attack that prevents the target from fainting. The target is left with at least 1 HP.",
    "power": 40.0,
    "special": false,
    "accuracy": 100.0,
    "type": "normal",
    "uses": 40,
    "status": []
  },
  "rock tomb": {
    "desc": "Boulders are hurled at the target. This also lowers the target's Speed stat by preventing its movement.",
    "power": 60.0,
    "special": false,
    "accuracy": 95.0,
    "type": "rock",
    "uses": 15,
    "status": [
      "SPE -1 foe 100.0"
    ]
  },
  "icy wind": {
    "desc": "The user attacks with a gust of chilled air. This also lowers opposing Pokémon's Speed stats.",
    "power": 55.0,
    "special": true,
    "accuracy": 95.0,
    "type": "ice",
    "uses": 15,
    "status": [
      "SPE -1 foe 100.0"
    ]
  },
  "uproar": {
    "desc": "The user attacks in an uproar.",
    "power": 90.0,
    "special": true,
    "accuracy": 100.0,
    "type": "normal",
    "uses": 10,
    "status": []
  },
  "ice beam": {
    "desc": "The target is struck with an icy-cold beam of energy. This may also leave the target frozen.",
    "power": 90.0,
    "special": true,
    "accuracy": 100.0,
    "type": "ice",
    "uses": 10,
    "status": [
      "freeze foe 30.0"
    ]
  },
  "calm mind": {
    "desc": "The user quietly focuses its mind and calms its spirit to raise its Sp. Atk and Sp. Def stats.",
    "power": 0.0,
    "special": true,
    "accuracy": 100.0,
    "type": "psychic",
    "uses": 20,
    "status": [
      "SPA 1 self 100.0",
      "SPD 1 self 100.0"
    ]
  },
  "nasty plot": {
    "desc": "The user stimulates its brain by thinking bad thoughts. This sharply raises the user's Sp. Atk stat.",
    "power": 0.0,
    "special": true,
    "accuracy": 100.0,
    "type": "dark",
    "uses": 20,
    "status": [
      "SPA 2 self 100.0"
    ]
  },
  "confusion": {
    "desc": "The target is hit by a weak telekinetic force. This may also confuse the target.",
    "power": 50.0,
    "special": true,
    "accuracy": 100.0,
    "type": "psychic",
    "uses": 25,
    "status": [
      "confuse foe 10.0"
    ]
  },
  "psystrike": {
    "desc": "The user materializes an odd psychic wave to attack the target.",
    "power": 100.0,
    "special": true,
    "accuracy": 100.0,
    "type": "psychic",
    "uses": 10,
    "status": []
  },
  "psycho cut": {
    "desc": "The user tears at the target with blades formed by psychic power.",
    "power": 70.0,
    "special": false,
    "accuracy": 100.0,
    "type": "psychic",
    "uses": 10,
    "status": []
  },
  "psychic": {
    "desc": "The target is hit by a strong telekinetic force. This may also lower the target's Sp. Def stat.",
    "power": 90.0,
    "special": true,
    "accuracy": 100.0,
    "type": "psychic",
    "uses": 10,
    "status": [
      "SPD -1 foe 10.0"
    ]
  },
  "future sight": {
    "desc": "The pokemon predicts the future and hurls a hunk of psychic energy attacks the target to preempt them.",
    "power": 120.0,
    "special": true,
    "accuracy": 100.0,
    "type": "psychic",
    "uses": 5,
    "status": []
  }
}