{
  "Bulbasaur": {
    "Types": [
      "grass",
      "poison"
    ],
    "Stats": {
      "ATK": 49.0,
      "DEF": 49.0,
      "SPE": 45.0,
      "HP": 45.0,
      "SPA": 65.0,
      "SPD": 65.0
    },
    "Moveset": [
      {
        "name": "tackle",
        "lvl": 1
      },
      {
        "name": "growl",
        "lvl": 1
      },
      {
        "name": "vine whip",
        "lvl": 3
      },
      {
        "name": "growth",
        "lvl": 6
      },
      {
        "name": "razor leaf",
        "lvl": 12
      },
      {
        "name": "poison powder",
        "lvl": 15
      }
    ],
    "Evolution": {
      "name": "Ivysaur",
      "lvl": 16
    }
  },
  "Ivysaur": {
    "Types": [
      "grass",
      "poison"
    ],
    "Stats": {
      "HP": 60.0,
      "ATK": 62.0,
      "DEF": 63.0,
      "SPA": 80.0,
      "SPD": 80.0,
      "SPE": 60.0
    },
    "Moveset": [
      {
        "name": "seed bomb",
        "lvl": 20
      },
      {
        "name": "take down",
        "lvl": 25
      }
    ],
    "Evolution": {
      "name": "Venusaur",
      "lvl": 32
    }
  },
  "Venusaur": {
    "Types": [
      "grass",
      "poison"
    ],
    "Stats": {
      "HP": 80.0,
      "ATK": 82.0,
      "DEF": 83.0,
      "SPA": 100.0,
      "SPD": 100.0,
      "SPE": 80.0
    },
    "Moveset": [
      {
        "name": "synthesis",
        "lvl": 37
      },
      {
        "name": "double-edge",
        "lvl": 45
      },
      {
        "name": "solar beam",
        "lvl": 50
      }
    ],
    "Evolution": {
      "name": "",
      "lvl": -1
    }
  },
  "Charmander": {
    "Types": [
      "fire"
    ],
    "Stats": {
      "ATK": 52.0,
      "DEF": 43.0,
      "SPE": 65.0,
      "HP": 39.0,
      "SPA": 60.0,
      "SPD": 50.0
    },
    "Moveset": [
      {
        "name": "scratch",
        "lvl": 1
      },
      {
        "name": "growl",
        "lvl": 1
      },
      {
        "name": "ember",
        "lvl": 4
      },
      {
        "name": "smokescreen",
        "lvl": 8
      },
      {
        "name": "dragon breath",
        "lvl": 12
      }
    ],
    "Evolution": {
      "name": "Charmeleon",
      "lvl": 16
    }
  },
  "Charmeleon": {
    "Types": [
      "fire"
    ],
    "Stats": {
      "HP": 58.0,
      "ATK": 64.0,
      "DEF": 58.0,
      "SPA": 80.0,
      "SPD": 65.0,
      "SPE": 80.0
    },
    "Moveset": [
      {
        "name": "fire fang",
        "lvl": 19
      },
      {
        "name": "slash",
        "lvl": 24
      },
      {
        "name": "flamethrower",
        "lvl": 30
      }
    ],
    "Evolution": {
      "name": "Charizard",
      "lvl": 36
    }
  },
  "Charizard": {
    "Types": [
      "fire",
      "flying"
    ],
    "Stats": {
      "HP": 78.0,
      "ATK": 84.0,
      "DEF": 78.0,
      "SPA": 109.0,
      "SPD": 85.0,
      "SPE": 100.0
    },
    "Moveset": [
      {
        "name": "scary face",
        "lvl": 39
      },
      {
        "name": "inferno",
        "lvl": 50
      },
      {
        "name": "flare blitz",
        "lvl": 55
      }
    ],
    "Evolution": {
      "name": "",
      "lvl": -1
    }
  },
  "Squirtle": {
    "Types": [
      "water"
    ],
    "Stats": {
      "ATK": 48.0,
      "DEF": 65.0,
      "SPE": 43.0,
      "HP": 44.0,
      "SPA": 50.0,
      "SPD": 64.0
    },
    "Moveset": [
      {
        "name": "tackle",
        "lvl": 1
      },
      {
        "name": "tail whip",
        "lvl": 1
      },
      {
        "name": "water gun",
        "lvl": 3
      },
      {
        "name": "withdraw",
        "lvl": 6
      },
      {
        "name": "rapid spin",
        "lvl": 9
      },
      {
        "name": "bite",
        "lvl": 12
      },
      {
        "name": "water pulse",
        "lvl": 15
      }
    ],
    "Evolution": {
      "name": "Wartortle",
      "lvl": 16
    }
  },
  "Wartortle": {
    "Types": [
      "water"
    ],
    "Stats": {
      "ATK": 63.0,
      "DEF": 80.0,
      "SPE": 58.0,
      "HP": 59.0,
      "SPA": 65.0,
      "SPD": 80.0
    },
    "Moveset": [
      {
        "name": "bubble beam",
        "lvl": 20
      },
      {
        "name": "aqua tail",
        "lvl": 26
      },
      {
        "name": "shell smash",
        "lvl": 33
      }
    ],
    "Evolution": {
      "name": "Blastoise",
      "lvl": 36
    }
  },
  "Blastoise": {
    "Types": [
      "water"
    ],
    "Stats": {
      "HP": 79.0,
      "ATK": 83.0,
      "DEF": 100.0,
      "SPA": 85.0,
      "SPD": 105.0,
      "SPE": 78.0
    },
    "Moveset": [
      {
        "name": "iron defense",
        "lvl": 42
      },
      {
        "name": "hydro cannon",
        "lvl": 46
      },
      {
        "name": "hydro pump",
        "lvl": 49
      }
    ],
    "Evolution": {
      "name": "",
      "lvl": -1
    }
  },
  "Pidgey": {
    "Types": [
      "normal",
      "flying"
    ],
    "Stats": {
      "ATK": 40.0,
      "DEF": 45.0,
      "SPE": 56.0,
      "SPA": 35.0,
      "SPD": 35.0,
      "HP": 40.0
    },
    "Moveset": [
      {
        "name": "tackle",
        "lvl": 1
      },
      {
        "name": "gust",
        "lvl": 5
      },
      {
        "name": "slam",
        "lvl": 7
      }
    ],
    "Evolution": {
      "name": "Pidgeotto",
      "lvl": 18
    }
  },
  "Rattata": {
    "Types": [
      "normal",
      "dark"
    ],
    "Stats": {
      "ATK": 56.0,
      "DEF": 35.0,
      "SPE": 72.0,
      "HP": 30.0,
      "SPA": 25.0,
      "SPD": 35.0
    },
    "Moveset": [
      {
        "name": "tackle",
        "lvl": 1
      },
      {
        "name": "tail whip",
        "lvl": 3
      },
      {
        "name": "bite",
        "lvl": 12
      },
      {
        "name": "super fang",
        "lvl": 15
      },
      {
        "name": "crunch",
        "lvl": 18
      }
    ],
    "Evolution": {
      "name": "Raticate",
      "lvl": 20
    }
  },
  "Raticate": {
    "Types": [
      "normal",
      "dark"
    ],
    "Stats": {
      "ATK": 81.0,
      "DEF": 60.0,
      "SPE": 97.0,
      "HP": 55.0,
      "SPA": 50.0,
      "SPD": 70.0
    },
    "Moveset": [
      {
        "name": "tackle",
        "lvl": 1
      },
      {
        "name": "tail whip",
        "lvl": 3
      },
      {
        "name": "bite",
        "lvl": 12
      },
      {
        "name": "super fang",
        "lvl": 15
      },
      {
        "name": "crunch",
        "lvl": 18
      },
      {
        "name": "hyper fang",
        "lvl": 26
      },
      {
        "name": "double-edge",
        "lvl": 42
      }
    ],
    "Evolution": {
      "name": "",
      "lvl": -1
    }
  },
  "Pikachu": {
    "Types": [
      "electric"
    ],
    "Stats": {
      "ATK": 55.0,
      "DEF": 40.0,
      "SPE": 90.0,
      "HP": 40.0,
      "SPA": 50.0,
      "SPD": 40.0
    },
    "Moveset": [
      {
        "name": "thundershock",
        "lvl": 1
      },
      {
        "name": "thunder wave",
        "lvl": 1
      },
      {
        "name": "spark",
        "lvl": 6
      },
      {
        "name": "zippy zap",
        "lvl": 10
      },
      {
        "name": "thunderbolt",
        "lvl": 15
      },
      {
        "name": "thunder",
        "lvl": 20
      },
      {
        "name": "10,000,000 Volt Thunderbolt",
        "lvl": 30
      }
    ],
    "Evolution": {
      "name": "",
      "lvl": -1
    }
  },
  "Corphish": {
    "Types": [
      "water"
    ],
    "Stats": {
      "ATK": 80.0,
      "DEF": 65.0,
      "SPE": 35.0,
      "HP": 43.0,
      "SPA": 50.0,
      "SPD": 35.0
    },
    "Moveset": [
      {
        "name": "water gun",
        "lvl": 1
      },
      {
        "name": "bubble beam",
        "lvl": 12
      },
      {
        "name": "crunch",
        "lvl": 16
      }
    ],
    "Evolution": {
      "name": "Crawdaunt",
      "lvl": 30
    }
  },
  "Crawdaunt": {
    "Types": [
      "water",
      "dark"
    ],
    "Stats": {
      "ATK": 120.0,
      "DEF": 85.0,
      "SPE": 55.0,
      "HP": 63.0,
      "SPA": 90.0,
      "SPD": 55.0
    },
    "Moveset": [
      {
        "name": "water gun",
        "lvl": 1
      },
      {
        "name": "bubble beam",
        "lvl": 12
      },
      {
        "name": "crunch",
        "lvl": 16
      },
      {
        "name": "crabhammer",
        "lvl": 42
      }
    ],
    "Evolution": {
      "name": "",
      "lvl": -1
    }
  },
  "Lotad": {
    "Types": [
      "water",
      "grass"
    ],
    "Stats": {
      "ATK": 30.0,
      "DEF": 30.0,
      "SPE": 30.0,
      "HP": 40.0,
      "SPA": 40.0,
      "SPD": 30.0
    },
    "Moveset": [
      {
        "name": "absorb",
        "lvl": 1
      },
      {
        "name": "water gun",
        "lvl": 6
      },
      {
        "name": "bubble beam",
        "lvl": 20
      },
      {
        "name": "mega drain",
        "lvl": 12
      }
    ],
    "Evolution": {
      "name": "Lombre",
      "lvl": 14
    }
  },
  "Lombre": {
    "Types": [
      "water",
      "grass"
    ],
    "Stats": {
      "ATK": 50.0,
      "DEF": 50.0,
      "SPE": 50.0,
      "HP": 60.0,
      "SPA": 60.0,
      "SPD": 70.0
    },
    "Moveset": [
      {
        "name": "absorb",
        "lvl": 1
      },
      {
        "name": "water gun",
        "lvl": 6
      },
      {
        "name": "bubble beam",
        "lvl": 20
      },
      {
        "name": "mega drain",
        "lvl": 12
      },
      {
        "name": "giga drain",
        "lvl": 26
      }
    ],
    "Evolution": {
      "name": "Ludicolo",
      "lvl": 28
    }
  },
  "Ludicolo": {
    "Types": [
      "water",
      "grass"
    ],
    "Stats": {
      "ATK": 70.0,
      "DEF": 70.0,
      "SPE": 70.0,
      "HP": 80.0,
      "SPA": 90.0,
      "SPD": 100.0
    },
    "Moveset": [
      {
        "name": "absorb",
        "lvl": 1
      },
      {
        "name": "water gun",
        "lvl": 6
      },
      {
        "name": "bubble beam",
        "lvl": 20
      },
      {
        "name": "mega drain",
        "lvl": 12
      },
      {
        "name": "giga drain",
        "lvl": 26
      },
      {
        "name": "hydro pump",
        "lvl": 28
      }
    ],
    "Evolution": {
      "name": "",
      "lvl": -1
    }
  },
  "Jigglypuff": {
    "Types": [
      "normal",
      "fairy"
    ],
    "Stats": {
      "ATK": 45.0,
      "DEF": 20.0,
      "SPE": 20.0,
      "HP": 115.0,
      "SPA": 45.0,
      "SPD": 25.0
    },
    "Moveset": [
      {
        "name": "sing",
        "lvl": 1
      },
      {
        "name": "pound",
        "lvl": 4
      },
      {
        "name": "defense curl",
        "lvl": 6
      },
      {
        "name": "rest",
        "lvl": 12
      },
      {
        "name": "body slam",
        "lvl": 22
      },
      {
        "name": "double-edge",
        "lvl": 28
      }
    ],
    "Evolution": {
      "name": "",
      "lvl": -1
    }
  },
  "Flapple": {
    "Types": [
      "grass",
      "dragon"
    ],
    "Stats": {
      "HP": 70.0,
      "ATK": 110.0,
      "DEF": 80.0,
      "SPA": 95.0,
      "SPD": 60.0,
      "SPE": 70.0
    },
    "Moveset": [
      {
        "name": "astonish",
        "lvl": 1
      },
      {
        "name": "twister",
        "lvl": 1
      },
      {
        "name": "acid spray",
        "lvl": 12
      },
      {
        "name": "dragon breath",
        "lvl": 20
      },
      {
        "name": "dragon dance",
        "lvl": 24
      },
      {
        "name": "dragon pulse",
        "lvl": 28
      },
      {
        "name": "grav apple",
        "lvl": 32
      },
      {
        "name": "iron defense",
        "lvl": 36
      },
      {
        "name": "dragon rush",
        "lvl": 40
      }
    ],
    "Evolution": {
      "name": "",
      "lvl": -1
    }
  },
  "Caterpie": {
    "Types": [
      "bug"
    ],
    "Stats": {
      "ATK": 30.0,
      "DEF": 35.0,
      "SPE": 45.0,
      "HP": 45.0,
      "SPA": 20.0,
      "SPD": 20.0
    },
    "Moveset": [
      {
        "name": "tackle",
        "lvl": 1
      },
      {
        "name": "string shot",
        "lvl": 1
      }
    ],
    "Evolution": {
      "name": "Metapod",
      "lvl": 7
    }
  },
  "Metapod": {
    "Types": [
      "bug"
    ],
    "Stats": {
      "ATK": 20.0,
      "DEF": 55.0,
      "SPE": 30.0,
      "HP": 50.0,
      "SPA": 25.0,
      "SPD": 25.0
    },
    "Moveset": [
      {
        "name": "tackle",
        "lvl": 1
      },
      {
        "name": "harden",
        "lvl": 1
      }
    ],
    "Evolution": {
      "name": "butterfree",
      "lvl": 10
    }
  },
  "Butterfree": {
    "Types": [
      "bug",
      "flying"
    ],
    "Stats": {
      "ATK": 45.0,
      "DEF": 50.0,
      "SPE": 70.0,
      "HP": 60.0,
      "SPA": 90.0,
      "SPD": 80.0
    },
    "Moveset": [
      {
        "name": "tackle",
        "lvl": 1
      },
      {
        "name": "harden",
        "lvl": 1
      },
      {
        "name": "gust",
        "lvl": 1
      },
      {
        "name": "bug bite",
        "lvl": 11
      },
      {
        "name": "poison powder",
        "lvl": 12
      },
      {
        "name": "stun spore",
        "lvl": 12
      },
      {
        "name": "sleep powder",
        "lvl": 1
      },
      {
        "name": "psybeam",
        "lvl": 16
      },
      {
        "name": "air slash",
        "lvl": 24
      },
      {
        "name": "bug buzz",
        "lvl": 32
      }
    ],
    "Evolution": {
      "name": "",
      "lvl": -1
    }
  },
  "Larvitar": {
    "Types": [
      "rock",
      "ground"
    ],
    "Stats": {
      "ATK": 64.0,
      "DEF": 50.0,
      "SPE": 41.0,
      "HP": 50.0,
      "SPA": 45.0,
      "SPD": 50.0
    },
    "Moveset": [
      {
        "name": "tackle",
        "lvl": 1
      },
      {
        "name": "rock throw",
        "lvl": 3
      },
      {
        "name": "bite",
        "lvl": 9
      },
      {
        "name": "rock slide",
        "lvl": 15
      },
      {
        "name": "dark pulse",
        "lvl": 24
      },
      {
        "name": "crunch",
        "lvl": 27
      }
    ],
    "Evolution": {
      "name": "Pupitar",
      "lvl": 30
    }
  },
  "Pupitar": {
    "Types": [
      "rock",
      "ground"
    ],
    "Stats": {
      "ATK": 84.0,
      "DEF": 70.0,
      "SPE": 51.0,
      "HP": 70.0,
      "SPA": 65.0,
      "SPD": 70.0
    },
    "Moveset": [
      {
        "name": "tackle",
        "lvl": 1
      },
      {
        "name": "rock throw",
        "lvl": 3
      },
      {
        "name": "bite",
        "lvl": 9
      },
      {
        "name": "rock slide",
        "lvl": 15
      },
      {
        "name": "dark pulse",
        "lvl": 24
      },
      {
        "name": "crunch",
        "lvl": 27
      },
      {
        "name": "earthquake",
        "lvl": 33
      },
      {
        "name": "stone edge",
        "lvl": 37
      }
    ],
    "Evolution": {
      "name": "Tyranitar",
      "lvl": 55
    }
  },
  "Tyranitar": {
    "Types": [
      "rock",
      "dark"
    ],
    "Stats": {
      "ATK": 134.0,
      "DEF": 110.0,
      "SPE": 61.0,
      "HP": 100.0,
      "SPA": 95.0,
      "SPD": 100.0
    },
    "Moveset": [
      {
        "name": "tackle",
        "lvl": 1
      },
      {
        "name": "rock throw",
        "lvl": 3
      },
      {
        "name": "bite",
        "lvl": 9
      },
      {
        "name": "rock slide",
        "lvl": 15
      },
      {
        "name": "dark pulse",
        "lvl": 24
      },
      {
        "name": "crunch",
        "lvl": 27
      },
      {
        "name": "earthquake",
        "lvl": 33
      },
      {
        "name": "stone edge",
        "lvl": 37
      }
    ],
    "Evolution": {
      "name": "",
      "lvl": -1
    }
  },
  "Starly": {
    "Types": [
      "normal",
      "flying"
    ],
    "Stats": {
      "HP": 40.0,
      "ATK": 55.0,
      "DEF": 30.0,
      "SPA": 30.0,
      "SPD": 30.0,
      "SPE": 60.0
    },
    "Moveset": [
      {
        "name": "tackle",
        "lvl": 1
      },
      {
        "name": "growl",
        "lvl": 1
      },
      {
        "name": "wing attack",
        "lvl": 9
      }
    ],
    "Evolution": {
      "name": "Staravia",
      "lvl": 14
    }
  },
  "Staravia": {
    "Types": [
      "normal",
      "flying"
    ],
    "Stats": {
      "HP": 55.0,
      "ATK": 75.0,
      "DEF": 50.0,
      "SPA": 40.0,
      "SPD": 40.0,
      "SPE": 80.0
    },
    "Moveset": [
      {
        "name": "tackle",
        "lvl": 1
      },
      {
        "name": "growl",
        "lvl": 1
      },
      {
        "name": "wing attack",
        "lvl": 9
      },
      {
        "name": "endeavor",
        "lvl": 18
      },
      {
        "name": "aerial ace",
        "lvl": 25
      },
      {
        "name": "take down",
        "lvl": 30
      }
    ],
    "Evolution": {
      "name": "Staraptor",
      "lvl": 34
    }
  },
  "Staraptor": {
    "Types": [
      "normal",
      "flying"
    ],
    "Stats": {
      "HP": 85.0,
      "ATK": 120.0,
      "DEF": 70.0,
      "SPA": 50.0,
      "SPD": 50.0,
      "SPE": 100.0
    },
    "Moveset": [
      {
        "name": "tackle",
        "lvl": 1
      },
      {
        "name": "growl",
        "lvl": 1
      },
      {
        "name": "wing attack",
        "lvl": 9
      },
      {
        "name": "endeavor",
        "lvl": 18
      },
      {
        "name": "aerial ace",
        "lvl": 28
      },
      {
        "name": "take down",
        "lvl": 33
      },
      {
        "name": "agility",
        "lvl": 41
      },
      {
        "name": "brave bird",
        "lvl": 49
      },
      {
        "name": "final gambit",
        "lvl": 57
      }
    ],
    "Evolution": {
      "name": "",
      "lvl": -1
    }
  },
  "Arceus": {
    "Types": [
      "normal"
    ],
    "Stats": {
      "HP": 120.0,
      "ATK": 120.0,
      "DEF": 120.0,
      "SPA": 120.0,
      "SPD": 120.0,
      "SPE": 120.0
    },
    "Moveset": [],
    "Evolution": {
      "name": "",
      "lvl": -1
    }
  },
  "OCamlrupt": {
    "Types": [
      "fire",
      "ground"
    ],
    "Stats": {
      "HP": 70.0,
      "ATK": 100.0,
      "DEF": 70.0,
      "SPA": 105.0,
      "SPD": 75.0,
      "SPE": 40.0
    },
    "Moveset": [],
    "Evolution": {
      "name": "",
      "lvl": -1
    }
  },
  "Entei": {
    "Types": [
      "fire"
    ],
    "Stats": {
      "HP": 115.0,
      "ATK": 115.0,
      "DEF": 85.0,
      "SPA": 90.0,
      "SPD": 75.0,
      "SPE": 100.0
    },
    "Moveset": [],
    "Evolution": {
      "name": "",
      "lvl": -1
    }
  },
  "Riolu": {
    "Types": [
      "fighting"
    ],
    "Stats": {
      "ATK": 70.0,
      "DEF": 40.0,
      "SPE": 60.0,
      "HP": 40.0,
      "SPA": 35.0,
      "SPD": 40.0
    },
    "Moveset": [
      {
        "name": "tackle",
        "lvl": 1
      },
      {
        "name": "metal claw",
        "lvl": 8
      },
      {
        "name": "rock smash",
        "lvl": 12
      },
      {
        "name": "swords dance",
        "lvl": 18
      },
      {
        "name": "force palm",
        "lvl": 22
      }
    ],
    "Evolution": {
      "name": "Lucario",
      "lvl": 30
    }
  },
  "Lucario": {
    "Types": [
      "fighting",
      "steel"
    ],
    "Stats": {
      "ATK": 110.0,
      "DEF": 70.0,
      "SPE": 90.0,
      "HP": 70.0,
      "SPA": 115.0,
      "SPD": 70.0
    },
    "Moveset": [
      {
        "name": "tackle",
        "lvl": 1
      },
      {
        "name": "metal claw",
        "lvl": 8
      },
      {
        "name": "force palm",
        "lvl": 12
      },
      {
        "name": "swords dance",
        "lvl": 18
      },
      {
        "name": "force palm",
        "lvl": 22
      },
      {
        "name": "aura sphere",
        "lvl": 1
      },
      {
        "name": "meteor mash",
        "lvl": 36
      },
      {
        "name": "dragon pulse",
        "lvl": 42
      },
      {
        "name": "close combat",
        "lvl": 50
      }
    ],
    "Evolution": {
      "name": "",
      "lvl": -1
    }
  },
  "Machop": {
    "Types": [
      "fighting"
    ],
    "Stats": {
      "ATK": 80.0,
      "DEF": 50.0,
      "SPE": 35.0,
      "HP": 70.0,
      "SPA": 35.0,
      "SPD": 35.0
    },
    "Moveset": [
      {
        "name": "tackle",
        "lvl": 1
      },
      {
        "name": "leer",
        "lvl": 1
      },
      {
        "name": "low sweep",
        "lvl": 12
      },
      {
        "name": "scary face",
        "lvl": 20
      },
      {
        "name": "strength",
        "lvl": 26
      }
    ],
    "Evolution": {
      "name": "Machoke",
      "lvl": 28
    }
  },
  "Machoke": {
    "Types": [
      "fighting"
    ],
    "Stats": {
      "ATK": 100.0,
      "DEF": 70.0,
      "SPE": 45.0,
      "HP": 80.0,
      "SPA": 50.0,
      "SPD": 60.0
    },
    "Moveset": [
      {
        "name": "tackle",
        "lvl": 1
      },
      {
        "name": "leer",
        "lvl": 1
      },
      {
        "name": "low sweep",
        "lvl": 12
      },
      {
        "name": "scary face",
        "lvl": 20
      },
      {
        "name": "strength",
        "lvl": 26
      },
      {
        "name": "dual chop",
        "lvl": 36
      },
      {
        "name": "bulk up",
        "lvl": 42
      }
    ],
    "Evolution": {
      "name": "Machamp",
      "lvl": 44
    }
  },
  "Machamp": {
    "Types": [
      "fighting"
    ],
    "Stats": {
      "ATK": 130.0,
      "DEF": 80.0,
      "SPE": 55.0,
      "HP": 90.0,
      "SPA": 65.0,
      "SPD": 85.0
    },
    "Moveset": [
      {
        "name": "tackle",
        "lvl": 1
      },
      {
        "name": "leer",
        "lvl": 1
      },
      {
        "name": "low sweep",
        "lvl": 12
      },
      {
        "name": "scary face",
        "lvl": 20
      },
      {
        "name": "strength",
        "lvl": 26
      },
      {
        "name": "dual chop",
        "lvl": 36
      },
      {
        "name": "bulk up",
        "lvl": 42
      },
      {
        "name": "dynamic punch",
        "lvl": 46
      },
      {
        "name": "cross chop",
        "lvl": 54
      }
    ],
    "Evolution": {
      "name": "",
      "lvl": -1
    }
  },
  "Ekans": {
    "Types": [
      "poison"
    ],
    "Stats": {
      "ATK": 60.0,
      "DEF": 44.0,
      "SPE": 55.0,
      "HP": 35.0,
      "SPA": 40.0,
      "SPD": 54.0
    },
    "Moveset": [],
    "Evolution": {
      "name": "Arbok",
      "lvl": 22
    }
  },
  "Arbok": {
    "Types": [
      "poison"
    ],
    "Stats": {
      "ATK": 95.0,
      "DEF": 69.0,
      "SPE": 80.0,
      "HP": 60.0,
      "SPA": 65.0,
      "SPD": 79.0
    },
    "Moveset": [],
    "Evolution": {
      "name": "",
      "lvl": -1
    }
  },
  "Dunsparce": {
    "Types": [
      "normal"
    ],
    "Stats": {
      "ATK": 70.0,
      "DEF": 70.0,
      "SPE": 45.0,
      "HP": 100.0,
      "SPA": 65.0,
      "SPD": 65.0
    },
    "Moveset": [],
    "Evolution": {
      "name": "",
      "lvl": -1
    }
  },
  "Snivy": {
    "Types": [
      "grass"
    ],
    "Stats": {
      "ATK": 45.0,
      "DEF": 55.0,
      "SPE": 63.0,
      "HP": 45.0,
      "SPA": 45.0,
      "SPD": 55.0
    },
    "Moveset": [],
    "Evolution": {
      "name": "",
      "lvl": -1
    }
  },
  "Onix": {
    "Types": [
      "rock",
      "ground"
    ],
    "Stats": {
      "ATK": 45.0,
      "DEF": 160.0,
      "SPE": 70.0,
      "HP": 35.0,
      "SPA": 30.0,
      "SPD": 45.0
    },
    "Moveset": [],
    "Evolution": {
      "name": "",
      "lvl": -1
    }
  },
  "Zacian": {
    "Types": [
      "fairy",
      "steel"
    ],
    "Stats": {
      "ATK": 170.0,
      "DEF": 115.0,
      "SPE": 148.0,
      "HP": 92.0,
      "SPA": 80.0,
      "SPD": 115.0
    },
    "Moveset": [],
    "Evolution": {
      "name": "",
      "lvl": -1
    }
  },
  "Xerneas": {
    "Types": [
      "fairy"
    ],
    "Stats": {
      "ATK": 131.0,
      "DEF": 95.0,
      "SPE": 99.0,
      "HP": 126.0,
      "SPA": 131.0,
      "SPD": 98.0
    },
    "Moveset": [],
    "Evolution": {
      "name": "",
      "lvl": -1
    }
  },
  "Rayquaza": {
    "Types": [
      "dragon",
      "flying"
    ],
    "Stats": {
      "ATK": 180.0,
      "DEF": 100.0,
      "SPE": 115.0,
      "HP": 105.0,
      "SPA": 180.0,
      "SPD": 100.0
    },
    "Moveset": [],
    "Evolution": {
      "name": "",
      "lvl": -1
    }
  },
  "Mamoswine": {
    "Types": [
      "ground",
      "ice"
    ],
    "Stats": {
      "ATK": 130.0,
      "DEF": 80.0,
      "SPE": 80.0,
      "HP": 110.0,
      "SPA": 70.0,
      "SPD": 80.0
    },
    "Moveset": [],
    "Evolution": {
      "name": "",
      "lvl": -1
    }
  },
  "Dugtrio": {
    "Types": [
      "ground"
    ],
    "Stats": {
      "ATK": 80.0,
      "DEF": 50.0,
      "SPE": 120.0,
      "HP": 35.0,
      "SPA": 50.0,
      "SPD": 70.0
    },
    "Moveset": [],
    "Evolution": {
      "name": "",
      "lvl": -1
    }
  },
  "Krookadile": {
    "Types": [
      "ground",
      "dark"
    ],
    "Stats": {
      "ATK": 117.0,
      "DEF": 80.0,
      "SPE": 92.0,
      "HP": 95.0,
      "SPA": 65.0,
      "SPD": 70.0
    },
    "Moveset": [],
    "Evolution": {
      "name": "",
      "lvl": -1
    }
  },
  "Sandslash": {
    "Types": [
      "ground"
    ],
    "Stats": {
      "ATK": 100.0,
      "DEF": 120.0,
      "SPE": 65.0,
      "HP": 75.0,
      "SPA": 25.0,
      "SPD": 65.0
    },
    "Moveset": [],
    "Evolution": {
      "name": "",
      "lvl": -1
    }
  },
  "Quagsire": {
    "Types": [
      "ground",
      "water"
    ],
    "Stats": {
      "ATK": 85.0,
      "DEF": 85.0,
      "SPE": 35.0,
      "HP": 95.0,
      "SPA": 65.0,
      "SPD": 65.0
    },
    "Moveset": [],
    "Evolution": {
      "name": "",
      "lvl": -1
    }
  },
  "Graveler": {
    "Types": [
      "ground",
      "rock"
    ],
    "Stats": {
      "ATK": 95.0,
      "DEF": 115.0,
      "SPE": 35.0,
      "HP": 55.0,
      "SPA": 45.0,
      "SPD": 45.0
    },
    "Moveset": [],
    "Evolution": {
      "name": "",
      "lvl": -1
    }
  },
  "Whiscash": {
    "Types": [
      "water",
      "ground"
    ],
    "Stats": {
      "ATK": 78.0,
      "DEF": 73.0,
      "SPE": 60.0,
      "HP": 110.0,
      "SPA": 76.0,
      "SPD": 71.0
    },
    "Moveset": [],
    "Evolution": {
      "name": "",
      "lvl": -1
    }
  },
  "Claydol": {
    "Types": [
      "ground",
      "psychic"
    ],
    "Stats": {
      "ATK": 70.0,
      "DEF": 105.0,
      "SPE": 75.0,
      "HP": 60.0,
      "SPA": 70.0,
      "SPD": 120.0
    },
    "Moveset": [],
    "Evolution": {
      "name": "",
      "lvl": -1
    }
  },
  "Vanillish": {
    "Types": [
      "ice",
      "psychic"
    ],
    "Stats": {
      "ATK": 65.0,
      "DEF": 65.0,
      "SPE": 59.0,
      "HP": 51.0,
      "SPA": 80.0,
      "SPD": 75.0
    },
    "Moveset": [
      {
        "name": "harden",
        "lvl": 1
      },
      {
        "name": "icy wind",
        "lvl": 12
      },
      {
        "name": "uproar",
        "lvl": 28
      },
      {
        "name": "ice beam",
        "lvl": 36
      }
    ],
    "Evolution": {
      "name": "Vanilluxe",
      "lvl": 47
    }
  },
  "Vanilluxe": {
    "Types": [
      "ice",
      "psychic"
    ],
    "Stats": {
      "ATK": 95.0,
      "DEF": 85.0,
      "SPE": 79.0,
      "HP": 71.0,
      "SPA": 110.0,
      "SPD": 95.0
    },
    "Moveset": [
      {
        "name": "harden",
        "lvl": 1
      },
      {
        "name": "icy wind",
        "lvl": 12
      },
      {
        "name": "uproar",
        "lvl": 28
      },
      {
        "name": "ice beam",
        "lvl": 36
      },
      {
        "name": "blizzard",
        "lvl": 52
      }
    ],
    "Evolution": {
      "name": "",
      "lvl": -1
    }
  },
  "Gardevoir": {
    "Types": [
      "fairy",
      "psychic"
    ],
    "Stats": {
      "ATK": 65.0,
      "DEF": 65.0,
      "SPE": 80.0,
      "HP": 68.0,
      "SPA": 125.0,
      "SPD": 115.0
    },
    "Moveset": [
      {
        "name": "psybeam",
        "lvl": 18
      },
      {
        "name": "moonblast",
        "lvl": 1
      },
      {
        "name": "calm mind",
        "lvl": 35
      },
      {
        "name": "psychic",
        "lvl": 42
      },
      {
        "name": "recover",
        "lvl": 48
      }
    ],
    "Evolution": {
      "name": "",
      "lvl": -1
    }
  },
  "Mew": {
    "Types": [
      "psychic"
    ],
    "Stats": {
      "ATK": 100.0,
      "DEF": 100.0,
      "SPE": 100.0,
      "HP": 100.0,
      "SPA": 100.0,
      "SPD": 100.0
    },
    "Moveset": [
      {
        "name": "psybeam",
        "lvl": 18
      },
      {
        "name": "nasty plot",
        "lvl": 28
      },
      {
        "name": "psychic",
        "lvl": 34
      },
      {
        "name": "calm mind",
        "lvl": 38
      },
      {
        "name": "aura sphere",
        "lvl": 44
      },
      {
        "name": "recover",
        "lvl": 48
      }
    ],
    "Evolution": {
      "name": "",
      "lvl": -1
    }
  },
  "Mewtwo": {
    "Types": [
      "psychic"
    ],
    "Stats": {
      "ATK": 110.0,
      "DEF": 90.0,
      "SPE": 130.0,
      "HP": 106.0,
      "SPA": 154.0,
      "SPD": 90.0
    },
    "Moveset": [
      {
        "name": "confusion",
        "lvl": 51
      },
      {
        "name": "calm mind",
        "lvl": 5
      },
      {
        "name": "psycho cut",
        "lvl": 52
      },
      {
        "name": "amnesia",
        "lvl": 50
      },
      {
        "name": "psybeam",
        "lvl": 53
      },
      {
        "name": "psychic",
        "lvl": 25
      },
      {
        "name": "recover",
        "lvl": 30
      },
      {
        "name": "psystrike",
        "lvl": 35
      },
      {
        "name": "future sight",
        "lvl": 40
      }
    ],
    "Evolution": {
      "name": "",
      "lvl": -1
    }
  },
  "Mr. Mime": {
    "Types": [
      "psychic",
      "fairy"
    ],
    "Stats": {
      "ATK": 45.0,
      "DEF": 65.0,
      "SPE": 90.0,
      "HP": 40.0,
      "SPA": 100.0,
      "SPD": 120.0
    },
    "Moveset": [],
    "Evolution": {
      "name": "",
      "lvl": -1
    }
  }
}