{
  "routes": [
    {
      "name": "route 1110",
      "badge": "",
      "battles": [
        "wild",
        "Youngster Joey",
        "wild",
        "wild"
      ],
      "wilds": [
        {
          "name": "Rattata",
          "lvl": 5,
          "chance": 30,
          "moves": [
            "tackle",
            "tail whip"
          ]
        },
        {
          "name": "Starly",
          "lvl": 5,
          "chance": 30,
          "moves": [
            "tackle",
            "growl"
          ]
        },
        {
          "name": "Caterpie",
          "lvl": 5,
          "chance": 30,
          "moves": [
            "tackle",
            "string shot"
          ]
        },
        {
          "name": "Riolu",
          "lvl": 5,
          "chance": 10,
          "moves": [
            "tackle"
          ]
        }
      ]
    },
    {
      "name": "gym 1",
      "badge": "Python Badge",
      "battles": [
        "TA Alice",
        "TA Bob",
        "Gym Leader Walker White"
      ],
      "wilds": []
    },
    {
      "name": "route 2110",
      "badge": "",
      "battles": [
        "wild",
        "Pokemaniac Philip",
        "wild",
        "wild"
      ],
      "wilds": [
        {
          "name": "Jigglypuff",
          "lvl": 14,
          "chance": 30,
          "moves": [
            "tackle"
          ]
        },
        {
          "name": "Corphish",
          "lvl": 15,
          "chance": 15,
          "moves": [
            "water gun"
          ]
        },
        {
          "name": "Lotad",
          "lvl": 14,
          "chance": 15,
          "moves": [
            "water gun",
            "absorb"
          ]
        },
        {
          "name": "Larvitar",
          "lvl": 15,
          "chance": 30,
          "moves": [
            "tackle",
            "rock throw",
            "bite"
          ]
        },
        {
          "name": "Flapple",
          "lvl": 14,
          "chance": 10,
          "moves": [
            "astonish",
            "twister"
          ]
        }
      ]
    },
    {
      "name": "route 3110",
      "badge": "",
      "battles": [
        "wild",
        "Happy Dave",
        "wild",
        "wild"
      ],
      "wilds": [
        {
          "name": "Machoke",
          "lvl": 30,
          "chance": 30,
          "moves": [
            "low sweep",
            "strength",
            "scary face"
          ]
        },
        {
          "name": "Vanillish",
          "lvl": 32,
          "chance": 30,
          "moves": [
            "harden",
            "icy wind",
            "uproar"
          ]
        },
        {
          "name": "Gardevoir",
          "lvl": 32,
          "chance": 30,
          "moves": [
            "psybeam",
            "moonblast"
          ]
        },
        {
          "name": "Mew",
          "lvl": 32,
          "chance": 8,
          "moves": [
            "psybeam",
            "nasty plot"
          ]
        },
        {
          "name": "Mewtwo",
          "lvl": 34,
          "chance": 8,
          "moves": [
            "recover",
            "psychic",
            "aura sphere",
            "calm mind"
          ]
        }
      ]
    },
    {
      "name": "gym 2",
      "badge": "Java Badge",
      "battles": [
        "TA Charlie",
        "Dijkstra",
        "Gym Leader David Gries"
      ],
      "wilds": []
    },
    {
      "name": "gym 3",
      "badge": "OCaml Badge",
      "battles": [
        "TA Alaia",
        "TA Kerri",
        "Gym Leader Clarkson"
      ],
      "wilds": []
    }
  ],
  "trainers": [
    {
      "name": "Youngster Joey",
      "money": 300,
      "pokemon": [
        {
          "name": "Rattata",
          "lvl": 6,
          "moves": [
            "tackle",
            "tail whip"
          ]
        },
        {
          "name": "Pidgey",
          "lvl": 6,
          "moves": [
            "tackle",
            "gust"
          ]
        },
        {
          "name": "Metapod",
          "lvl": 8,
          "moves": [
            "harden"
          ]
        }
      ]
    },
    {
      "name": "TA Alice",
      "money": 500,
      "pokemon": [
        {
          "name": "Ekans",
          "lvl": 12,
          "moves": [
            "poison sting",
            "bite",
            "leer"
          ]
        },
        {
          "name": "Dunsparce",
          "lvl": 12,
          "moves": [
            "slam",
            "defense curl"
          ]
        }
      ]
    },
    {
      "name": "TA Bob",
      "money": 500,
      "pokemon": [
        {
          "name": "Snivy",
          "lvl": 12,
          "moves": [
            "vine whip",
            "tackle",
            "mega drain"
          ]
        },
        {
          "name": "Onix",
          "lvl": 14,
          "moves": [
            "rock throw",
            "tackle",
            "harden"
          ]
        }
      ]
    },
    {
      "name": "TA Charlie",
      "money": 500,
      "pokemon": [
        {
          "name": "Sandslash",
          "lvl": 28,
          "moves": [
            "poison sting",
            "defense curl",
            "swords dance",
            "slash"
          ]
        },
        {
          "name": "Quagsire",
          "lvl": 28,
          "moves": [
            "amnesia",
            "body slam",
            "water gun",
            "earthquake"
          ]
        }
      ]
    },
    {
      "name": "Dijkstra",
      "money": 500,
      "pokemon": [
        {
          "name": "Graveler",
          "lvl": 28,
          "moves": [
            "defense curl",
            "rock slide",
            "take down"
          ]
        },
        {
          "name": "Whiscash",
          "lvl": 28,
          "moves": [
            "water gun",
            "rest",
            "amnesia",
            "earthquake"
          ]
        },
        {
          "name": "Claydol",
          "lvl": 30,
          "moves": [
            "psybeam",
            "rock tomb",
            "harden"
          ]
        }
      ]
    },
    {
      "name": "Gym Leader Walker White",
      "money": 1000,
      "pokemon": [
        {
          "name": "Snivy",
          "lvl": 14,
          "moves": [
            "tackle",
            "vine whip",
            "mega drain"
          ]
        },
        {
          "name": "Dunsparce",
          "lvl": 14,
          "moves": [
            "slam",
            "defense curl"
          ]
        },
        {
          "name": "Arbok",
          "lvl": 16,
          "moves": [
            "crunch",
            "poison sting",
            "leer"
          ]
        },
        {
          "name": "Bulbasaur",
          "lvl": 16,
          "moves": [
            "poison powder",
            "razor leaf",
            "growth",
            "vine whip"
          ]
        }
      ]
    },
    {
      "name": "Gym Leader David Gries",
      "money": 1000,
      "pokemon": [
        {
          "name": "Mamoswine",
          "lvl": 30,
          "moves": [
            "earthquake",
            "ice fang",
            "amnesia"
          ]
        },
        {
          "name": "Dugtrio",
          "lvl": 30,
          "moves": [
            "earthquake",
            "slash",
            "sand attack"
          ]
        },
        {
          "name": "Krookadile",
          "lvl": 35,
          "moves": [
            "crunch",
            "earthquake",
            "scary face",
            "swagger"
          ]
        }
      ]
    },
    {
      "name": "Pokemaniac Philip",
      "money": 300,
      "pokemon": [
        {
          "name": "Machop",
          "lvl": 18,
          "moves": [
            "tackle",
            "leer",
            "low sweep"
          ]
        },
        {
          "name": "Lombre",
          "lvl": 18,
          "moves": [
            "bubble beam",
            "mega drain"
          ]
        },
        {
          "name": "Pikachu",
          "lvl": 20,
          "moves": [
            "thundershock",
            "spark",
            "thunder wave"
          ]
        }
      ]
    },
    {
      "name": "TA Alaia",
      "money": 500,
      "pokemon": [
        {
          "name": "Jigglypuff",
          "lvl": 40,
          "moves": [
            "rest",
            "body slam",
            "sing",
            "defense curl"
          ]
        },
        {
          "name": "Xerneas",
          "lvl": 50,
          "moves": [
            "outrage",
            "moonblast",
            "geomancy"
          ]
        },
        {
          "name": "Zacian",
          "lvl": 50,
          "moves": [
            "iron head",
            "rest",
            "moonblast",
            "geomancy"
          ]
        }
      ]
    },
    {
      "name": "TA Kerri",
      "money": 500,
      "pokemon": [
        {
          "name": "Tyranitar",
          "lvl": 50,
          "moves": [
            "outrage",
            "crunch",
            "swords dance",
            "stone edge"
          ]
        },
        {
          "name": "Mew",
          "lvl": 50,
          "moves": [
            "nasty plot",
            "recover",
            "aura sphere",
            "psychic"
          ]
        }
      ]
    },
    {
      "name": "Happy Dave",
      "money": 500,
      "pokemon": [
        {
          "name": "Mr. Mime",
          "lvl": 30,
          "moves": [
            "psybeam",
            "nasty plot"
          ]
        },
        {
          "name": "Mr. Mime",
          "lvl": 32,
          "moves": [
            "psychic",
            "moonblast",
            "nasty plot"
          ]
        },
        {
          "name": "Mr. Mime",
          "lvl": 34,
          "moves": [
            "sand attack",
            "recover"
          ]
        }
      ]
    },
    {
      "name": "Gym Leader Clarkson",
      "money": 1000000,
      "pokemon": [
        {
          "name": "Entei",
          "lvl": 50,
          "moves": [
            "flamethrower",
            "swagger",
            "stomp",
            "fire fang"
          ]
        },
        {
          "name": "Pikachu",
          "lvl": 50,
          "moves": [
            "thunder wave",
            "thunder",
            "double-edge",
            "slam"
          ]
        },
        {
          "name": "Rayquaza",
          "lvl": 50,
          "moves": [
            "outrage",
            "dragon dance",
            "crunch",
            "scary face"
          ]
        },
        {
          "name": "OCamlrupt",
          "lvl": 50,
          "moves": [
            "earth power",
            "lava plume",
            "rock slide",
            "amnesia"
          ]
        },
        {
          "name": "Mewtwo",
          "lvl": 50,
          "moves": [
            "future sight",
            "recover",
            "aura sphere",
            "amnesia"
          ]
        },
        {
          "name": "Arceus",
          "lvl": 100,
          "moves": [
            "recover",
            "hyper voice",
            "judgement",
            "cosmic power"
          ]
        }
      ]
    }
  ]
}