{
  "cur_town": "Caml Town",
  "bag": [
    {
      "item_name": "full restore",
      "ammount": 1000
    },
    {
      "item_name": "master ball",
      "ammount": 1000
    },
    {
      "item_name": "potion",
      "ammount": 1000
    },
    {
      "item_name": "hyper potion",
      "ammount": 1000
    },
    {
      "item_name": "pokeball",
      "ammount": 1000
    },
    {
      "item_name": "great ball",
      "ammount": 1000
    },
    {
      "item_name": "antidote",
      "ammount": 1000
    }
  ],
  "money": 1000000,
  "party": [
    {
      "name": "Pikachu",
      "hp": 284.10376934322926,
      "lvl": 100,
      "xp": 970299.0,
      "moves": [
        "thunder",
        "10,000,000 Volt Thunderbolt",
        "thunder wave",
        "false swipe"
      ]
    },
    {
      "name": "Charizard",
      "hp": 554.0023502192971,
      "lvl": 100,
      "xp": 970299.0,
      "moves": [
        "flare blitz",
        "dragon ascent",
        "dragon dance",
        "will-o-wisp"
      ]
    },
    {
      "name": "Blastoise",
      "hp": 561.1049444528777,
      "lvl": 100,
      "xp": 970299.0,
      "moves": [
        "hydro cannon",
        "Oceanic Operetta",
        "shell smash",
        "blizzard"
      ]
    },
    {
      "name": "Venusaur",
      "hp": 568.2075386864585,
      "lvl": 100,
      "xp": 970299.0,
      "moves": [
        "solar beam",
        "acid spray",
        "synthesis",
        "poison powder"
      ]
    },
    {
      "name": "Mewtwo",
      "hp": 752.8749887595576,
      "lvl": 100,
      "xp": 970299.0,
      "moves": [
        "recover",
        "psychic",
        "aura sphere",
        "calm mind"
      ]
    }
  ],
  "defeated trainers": [],
  "badges": [],
  "pc": []
}