{"cur_town":"Gates Town","bag":[{"item_name":"potion","ammount":5},{"item_name":"pokeball","ammount":10},{"item_name":"great ball","ammount":3},{"item_name":"antidote","ammount":3}],"money":1000,"party":[{"name":"Pikachu","hp":43.297286400000004,"lvl":5,"xp":64.0,"moves":["thunder","10,000,000 Volt Thunderbolt","thunder wave","false swipe"]},{"name":"Charizard","hp":84.42970848,"lvl":5,"xp":64.0,"moves":["flare blitz","dragon ascent","dragon dance","will-o-wisp"]},{"name":"Blastoise","hp":85.51214064,"lvl":5,"xp":64.0,"moves":["hydro cannon","Oceanic Operetta","shell smash","blizzard"]},{"name":"Venusaur","hp":86.59457280000001,"lvl":5,"xp":64.0,"moves":["solar beam","acid spray","synthesis","poison powder"]}],"defeated trainers":[],"badges":[],"pc":[]}