{
  "cur_town": "Caml Town",
  "bag": [
    {
      "item_name": "full restore",
      "ammount": 4
    },
    {
      "item_name": "master ball",
      "ammount": 0
    },
    {
      "item_name": "super potion",
      "ammount": 12
    },
    {
      "item_name": "potion",
      "ammount": 6
    },
    {
      "item_name": "pokeball",
      "ammount": 5
    },
    {
      "item_name": "great ball",
      "ammount": 0
    },
    {
      "item_name": "antidote",
      "ammount": 3
    }
  ],
  "money": 5150,
  "party": [
    {
      "name": "Lucario",
      "hp": 160.80711262174256,
      "lvl": 43,
      "xp": 79055.6614478149,
      "moves": [
        "dragon pulse",
        "metal claw",
        "rock smash",
        "meteor mash"
      ]
    },
    {
      "name": "Flapple",
      "hp": 167.30371997166097,
      "lvl": 45,
      "xp": 88913.70338937029,
      "moves": [
        "grav apple",
        "dragon rush",
        "dragon breath",
        "dragon dance"
      ]
    },
    {
      "name": "Charmeleon",
      "hp": 186.4241451112794,
      "lvl": 35,
      "xp": 89169.60069079722,
      "moves": [
        "fire fang",
        "dragon breath",
        "flamethrower",
        "thunder wave"
      ]
    },
    {
      "name": "Mew",
      "hp": 239.00531424522995,
      "lvl": 45,
      "xp": 88913.70338937029,
      "moves": [
        "aura sphere",
        "nasty plot",
        "psychic",
        "calm mind"
      ]
    },
    {
      "name": "Gardevoir",
      "hp": 162.52361368675636,
      "lvl": 45,
      "xp": 88913.70338937029,
      "moves": [
        "psybeam",
        "moonblast",
        "psychic",
        "psychic"
      ]
    },
    {
      "name": "Ludicolo",
      "hp": 191.20425139618393,
      "lvl": 45,
      "xp": 88913.70338937029,
      "moves": [
        "water gun",
        "absorb",
        "bubble beam",
        "giga drain"
      ]
    }
  ],
  "defeated trainers": [
    "TA Kerri",
    "TA Alaia",
    "Happy Dave",
    "Gym Leader David Gries",
    "Dijkstra",
    "TA Charlie",
    "Pokemaniac Philip",
    "Gym Leader Walker White",
    "TA Bob",
    "TA Alice",
    "Youngster Joey"
  ],
  "badges": [
    "Java Badge",
    "Python Badge"
  ],
  "pc": [
    {
      "name": "Blastoise",
      "level": 36,
      "xp": 45315.908423744055,
      "moves": [
        "aqua tail",
        "shell smash",
        "bite",
        "bubble beam"
      ]
    },
    {
      "name": "Gardevoir",
      "level": 35,
      "xp": 39304.0,
      "moves": [
        "psybeam",
        "moonblast"
      ]
    },
    {
      "name": "Staraptor",
      "level": 38,
      "xp": 52433.701458954994,
      "moves": [
        "take down",
        "aerial ace",
        "wing attack",
        "endeavor"
      ]
    },
    {
      "name": "Larvitar",
      "level": 28,
      "xp": 21492.855094011673,
      "moves": [
        "tackle",
        "rock throw",
        "crunch",
        "dark pulse"
      ]
    }
  ]
}