{
  "places": [
    {
      "id": "Gates Town",
      "description": "Gates Town",
      "exits": [
        {
          "name": "PokeCenter",
          "keys": []
        },
        {
          "name": "My house",
          "keys": []
        },
        {
          "name": "Lab",
          "keys": []
        },
        {
          "name": "Route 1110",
          "keys": []
        }
      ],
      "NPCs": []
    },
    {
      "id": "My house",
      "description": "My house",
      "exits": [
        {
          "name": "Gates Town",
          "keys": []
        }
      ],
      "NPCs": [
        "Mom"
      ]
    },
    {
      "id": "Lab",
      "description": "Lab",
      "exits": [
        {
          "name": "Gates Town",
          "keys": []
        }
      ],
      "NPCs": [
        "Professor Oak"
      ]
    },
    {
      "id": "Route 1110",
      "description": "Route 1110",
      "exits": [
        {
          "name": "Gates Town",
          "keys": [
            "1110 Trainer 1 Key"
          ]
        }
      ],
      "NPCs": [
        "1110 Trainer 1"
      ]
    }
  ],
  "start town": "My house"
}