{
  "Squirtle": {
    "Type": "Water",
    "Stats": {
      "ATK": 48,
      "DEF": 65,
      "SPE": 43,
      "HP": 44,
      "SPA": 50,
      "SPD": 64
    },
    "Moves": [
      "mega-punch",
      "mega-kick",
      "tackle",
      "body-slam",
      "take-down",
      "double-edge",
      "tail-whip",
      "bite",
      "water-gun",
      "hydro-pump",
      "surf",
      "ice-beam",
      "blizzard",
      "bubble-beam",
      "submission",
      "counter",
      "seismic-toss",
      "strength",
      "dig",
      "toxic",
      "rage",
      "mimic",
      "double-team",
      "withdraw",
      "reflect",
      "bide",
      "skull-bash",
      "bubble",
      "rest",
      "substitute",
      "ice-punch",
      "headbutt",
      "mist",
      "confusion",
      "defense-curl",
      "haze",
      "waterfall",
      "snore",
      "curse",
      "flail",
      "protect",
      "mud-slap",
      "foresight",
      "icy-wind",
      "endure",
      "rollout",
      "swagger",
      "attract",
      "sleep-talk",
      "return",
      "frustration",
      "dynamic-punch",
      "rapid-spin",
      "iron-tail",
      "hidden-power",
      "rain-dance",
      "mirror-coat",
      "rock-smash",
      "whirlpool",
      "hail",
      "facade",
      "focus-punch",
      "brick-break",
      "yawn",
      "refresh",
      "secret-power",
      "dive",
      "mud-sport",
      "water-pulse",
      "fake-out",
      "rock-tomb",
      "muddy-water",
      "gyro-ball",
      "brine",
      "natural-gift",
      "fling",
      "aqua-ring",
      "aqua-tail",
      "captivate",
      "aqua-jet",
      "iron-defense",
      "zen-headbutt",
      "water-spout",
      "round",
      "scald",
      "water-pledge",
      "aura-sphere",
      "dragon-pulse",
      "confide",
      "power-up-punch"
    ],
    "Evolution": "Wartortle"
  },
  "Bulbasaur": {
    "Type": "Grass",
    "Stats": {
      "ATK": 49,
      "DEF": 49,
      "SPE": 45,
      "HP": 45,
      "SPA": 65,
      "SPD": 65
    },
    "Moves": [
      "swords-dance",
      "cut",
      "vine-whip",
      "tackle",
      "body-slam",
      "take-down",
      "double-edge",
      "growl",
      "mega-drain",
      "leech-seed",
      "growth",
      "razor-leaf",
      "solar-beam",
      "poison-powder",
      "sleep-powder",
      "toxic",
      "rage",
      "mimic",
      "double-team",
      "reflect",
      "bide",
      "rest",
      "substitute",
      "razor-wind",
      "headbutt",
      "petal-dance",
      "defense-curl",
      "light-screen",
      "skull-bash",
      "flash",
      "snore",
      "curse",
      "protect",
      "mud-slap",
      "giga-drain",
      "endure",
      "charm",
      "swagger",
      "fury-cutter",
      "attract",
      "sleep-talk",
      "return",
      "frustration",
      "safeguard",
      "sweet-scent",
      "synthesis",
      "hidden-power",
      "sunny-day",
      "strength",
      "sludge-bomb",
      "rock-smash",
      "facade",
      "secret-power",
      "grass-whistle",
      "bullet-seed",
      "magical-leaf",
      "amnesia",
      "nature-power",
      "ingrain",
      "natural-gift",
      "worry-seed",
      "seed-bomb",
      "energy-ball",
      "leaf-storm",
      "captivate",
      "grass-knot",
      "knock-off",
      "string-shot",
      "sludge",
      "power-whip",
      "venoshock",
      "round",
      "echoed-voice",
      "grass-pledge",
      "bind",
      "grassy-terrain",
      "confide"
    ],
    "Evolution": "Ivysaur"
  },
  "Charmander": {
    "Type": "Fire",
    "Stats": {
      "ATK": 52,
      "DEF": 43,
      "SPE": 65,
      "HP": 39,
      "SPA": 60,
      "SPD": 50
    },
    "Moves": [
      "mega-punch",
      "scratch",
      "swords-dance",
      "cut",
      "mega-kick",
      "body-slam",
      "take-down",
      "double-edge",
      "leer",
      "growl",
      "ember",
      "flamethrower",
      "submission",
      "counter",
      "seismic-toss",
      "strength",
      "dragon-rage",
      "fire-spin",
      "dig",
      "toxic",
      "rage",
      "mimic",
      "double-team",
      "reflect",
      "bide",
      "fire-blast",
      "swift",
      "skull-bash",
      "rest",
      "slash",
      "substitute",
      "fire-punch",
      "headbutt",
      "bite",
      "smokescreen",
      "defense-curl",
      "rock-slide",
      "snore",
      "curse",
      "protect",
      "scary-face",
      "belly-drum",
      "mud-slap",
      "outrage",
      "endure",
      "swagger",
      "fury-cutter",
      "attract",
      "sleep-talk",
      "return",
      "frustration",
      "dynamic-punch",
      "dragon-breath",
      "iron-tail",
      "hidden-power",
      "sunny-day",
      "ancient-power",
      "rock-smash",
      "beat-up",
      "facade",
      "focus-punch",
      "brick-break",
      "secret-power",
      "overheat",
      "aerial-ace",
      "dragon-claw",
      "dragon-dance",
      "metal-claw",
      "crunch",
      "will-o-wisp",
      "rock-tomb",
      "natural-gift",
      "fling",
      "flare-blitz",
      "dragon-rush",
      "shadow-claw",
      "fire-fang",
      "captivate",
      "thunder-punch",
      "heat-wave",
      "dragon-pulse",
      "hone-claws",
      "flame-burst",
      "flame-charge",
      "round",
      "echoed-voice",
      "incinerate",
      "inferno",
      "fire-pledge",
      "air-cutter",
      "confide",
      "power-up-punch"
    ],
    "Evolution": "Charmeleon"
  }
}