{
  "Mon1": {
    "Types": [
      "normal"
    ],
    "Stats": {
      "ATK": 112.73,
      "DEF": 100.85,
      "SPE": 94.69,
      "HP": 97.10
    },
    "Moves": [
      "pulverizing pancake",
      "blast burn",
      "hydro cannon",
      "thunder"
    ],
    "Evolution": "Mon3"
  },
  "Mon2": {
    "Types": [
      "normal"
    ],
    "Stats": {
      "ATK": 75.0,
      "DEF": 75.0,
      "SPE": 75.0,
      "HP": 75.0
    },
    "Moves": [
      "tackle",
      "ember",
      "vine whip",
      "zippy zap"
    ],
    "Evolution": "Mon4"
  },
  "Mon3": {
    "Types": [
      "normal"
    ],
    "Stats": {
      "ATK": 120.0,
      "DEF": 110.0,
      "SPE": 100.0,
      "HP": 120.0
    },
    "Moves": [
      "pulverizing pancake",
      "leaf blade",
      "precipice blades",
      "10,000,000 Volt Thunderbolt"
    ],
    "Evolution": "Mon4"
  }
}