{
  "Normal": [
    {
      "ineffective": [],
      "weak": [],
      "no_effect": [],
      "super": []
    }
  ],
  "Fire": [
    {
      "ineffective": [
        "Water",
        "Ground"
      ],
      "weak": [
        "Ground",
        "Water"
      ],
      "no_effect": [],
      "super": [
        "Grass"
      ]
    }
  ],
  "Grass": [
    {
      "ineffective": [
        "Fire"
      ],
      "weak": [
        "Fire"
      ],
      "no_effect": [],
      "super": [
        "Ground",
        "Water"
      ]
    }
  ],
  "Water": [
    {
      "ineffective": [
        "Grass"
      ],
      "weak": [
        "Electric",
        "Grass"
      ],
      "no_effect": [],
      "super": [
        "Fire",
        "Ground"
      ]
    }
  ],
  "Electric": [
    {
      "ineffective": [],
      "no_effect": [
        "Ground"
      ],
      "weak": [
        "Ground"
      ],
      "super": [
        "Water"
      ]
    }
  ],
  "Ground": [
    {
      "ineffective": [
        "Grass"
      ],
      "weak": [
        "Grass",
        "Water"
      ],
      "super": [
        "Ground",
        "Water"
      ]
    }
  ]
}