{
  "places": [
    {
      "id": "Gates Town",
      "description": "Gates Town",
      "exits": [
        {
          "name": "pokecenter",
          "keys": [],
          "place": "PokeCenter GTown"
        },
        {
          "name": "my house",
          "keys": [],
          "place": "my house"
        },
        {
          "name": "lab",
          "keys": [],
          "place": "lab"
        },
        {
          "name": "route 1110",
          "keys": [],
          "place": "python town"
        }
      ],
      "NPCs": []
    },
    {
      "id": "PokeCenter GTown",
      "description": "GT PC",
      "exits": [
        {
          "name": "gates town",
          "keys": [],
          "place": "Gates Town"
        }
      ],
      "NPCs": [
        "Nurse Joy"
      ]
    },
    {
      "id": "My house",
      "description": "My house",
      "exits": [
        {
          "name": "gates town",
          "keys": [],
          "place": "Gates Town"
        }
      ],
      "NPCs": [
        "Mom"
      ]
    },
    {
      "id": "Lab",
      "description": "Lab",
      "exits": [
        {
          "name": "gates town",
          "keys": [],
          "place": "Gates Town"
        }
      ],
      "NPCs": [
        "Professor Oak"
      ]
    },
    {
      "id": "python town",
      "description": "Python Town!",
      "exits": [
        {
          "name": "route 1110",
          "keys": [],
          "place": "Gates Town"
        }
      ],
      "NPCs": [
        "1110 Trainer 1"
      ]
    }
  ],
  "start town": "Gates Town",
  "route_file": "routes.json",
  "pokemon_file": "testmons.json"
}