{
  "places": [
    {
      "id": "Gates Town",
      "description": "Gates Town -- your home town!",
      "exits": [
        {
          "name": "pokecenter",
          "keys": [],
          "place": "PokeCenter GTown"
        },
        {
          "name": "my house",
          "keys": [],
          "place": "my house"
        },
        {
          "name": "lab",
          "keys": [],
          "place": "lab"
        },
        {
          "name": "route 1110",
          "keys": [],
          "place": "Python Town"
        }
      ],
      "NPCs": []
    },
    {
      "id": "PokeCenter GTown",
      "description": "\"Welcome to Gates Town's Pokecenter!\" - Nurse Joy",
      "exits": [
        {
          "name": "gates town",
          "keys": [],
          "place": "Gates Town"
        }
      ],
      "NPCs": [
        "Nurse Joy"
      ]
    },
    {
      "id": "My house",
      "description": "You are in your house. Your entire room is lined in video games and posters. \n\"You don't need these anymore now that you are starting your own pokemon adventure! You should go outside and head to the lab. Professor Oak is waiting!\" - Mom",
      "exits": [
        {
          "name": "outside",
          "keys": [],
          "place": "Gates Town"
        }
      ],
      "NPCs": [
        "Mom"
      ]
    },
    {
      "id": "Lab",
      "description": "Professor Oak calls to you as you enter \n\"Ah there you are! Its time that you start your pokemon adventure. I have 3 great pokemon here for you to choose from, pick your favorite!\"",
      "exits": [
        {
          "name": "gates town",
          "keys": [],
          "place": "Gates Town"
        }
      ],
      "NPCs": [
        "Professor Oak"
      ]
    },
    {
      "id": "Python Town",
      "description": "\"As you leave the route, you see a sign: \n\"Welcome to Python Town! Don't forget to take a look at your map to find your way around!\"",
      "exits": [
        {
          "name": "pokecenter",
          "keys": [],
          "place": "PokeCenter PTown"
        },
        {
          "name": "route 2110",
          "keys": [],
          "place": "Java Town"
        },
        {
          "name": "route 1110",
          "keys": [],
          "place": "Gates Town"
        },
        {
          "name": "gym 1",
          "keys": [],
          "place": "Python Town"
        }
      ],
      "NPCs": []
    },
    {
      "id": "PokeCenter PTown",
      "description": "\"Welcome to Python Town's Pokecenter!\" - Nurse Joy",
      "exits": [
        {
          "name": "python town",
          "keys": [],
          "place": "Python Town"
        }
      ],
      "NPCs": [
        "Nurse Joy"
      ]
    },
    {
      "id": "Java Town",
      "description": "Java Town",
      "exits": [
        {
          "name": "pokecenter",
          "keys": [],
          "place": "PokeCenter JTown"
        },
        {
          "name": "route 2110",
          "keys": [],
          "place": "Python Town"
        },
        {
          "name": "gym 2",
          "keys": [],
          "place": "Java Town"
        }
      ],
      "NPCs": []
    },
    {
      "id": "PokeCenter JTown",
      "description": "\"Welcome to Java Town's Pokecenter!\" - Nurse Joy",
      "exits": [
        {
          "name": "java town",
          "keys": [],
          "place": "Java Town"
        }
      ],
      "NPCs": [
        "Nurse Joy"
      ]
    }
  ],
  "start town": "My house",
  "route_file": "routes.json",
  "pokemon_file": "pokemon.json"
}