{
  "Bulbasaur": {
    "Types": [
      "grass"
    ],
    "Stats": {
      "ATK": 49.0,
      "DEF": 49.0,
      "SPE": 45.0,
      "HP": 45.0,
      "SPA": 65.0,
      "SPD": 65.0
    },
    "Moves": [
      "tackle",
      "vine whip"
    ],
    "Evolution": "Ivysaur"
  },
  "Charmander": {
    "Types": [
      "fire"
    ],
    "Stats": {
      "ATK": 52.0,
      "DEF": 43.0,
      "SPE": 65.0,
      "HP": 39.0,
      "SPA": 60.0,
      "SPD": 50.0
    },
    "Moves": [
      "tackle",
      "ember",
      "flamethrower"
    ],
    "Evolution": "Charmeleon"
  },
  "Squirtle": {
    "Types": [
      "water"
    ],
    "Stats": {
      "ATK": 48.0,
      "DEF": 65.0,
      "SPE": 43.0,
      "HP": 44.0,
      "SPA": 50.0,
      "SPD": 64.0
    },
    "Moves": [
      "tackle",
      "water gun",
      "bubble beam"
    ],
    "Evolution": "Wartortle"
  },
  "Pidgey": {
    "Types": [
      "normal"
    ],
    "Stats": {
      "ATK": 40.0,
      "DEF": 45.0,
      "SPE": 56.0,
      "HP": 40.0
    },
    "Moves": [
      "tackle",
      "gust",
      "slam"
    ],
    "Evolution": "Pidgeot"
  },
  "Rattata": {
    "Types": [
      "normal"
    ],
    "Stats": {
      "ATK": 56.0,
      "DEF": 35.0,
      "SPE": 72.0,
      "HP": 30.0
    },
    "Moves": [
      "tackle"
    ],
    "Evolution": "Raticate"
  },
  "Pikachu": {
    "Types": [
      "electric"
    ],
    "Stats": {
      "ATK": 55.0,
      "DEF": 40.0,
      "SPE": 90.0,
      "HP": 35.0
    },
    "Moves": [
      "tackle",
      "thunderbolt"
    ],
    "Evolution": "Raichu"
  },
  "Mon1": {
    "Types": [
      "normal"
    ],
    "Stats": {
      "ATK": 112.73,
      "DEF": 100.85,
      "SPE": 94.69,
      "HP": 97.10
    },
    "Moves": [
      "pulverizing pancake",
      "blast burn",
      "hydro cannon",
      "thunder"
    ],
    "Evolution": "Mon3"
  },
  "Mon2": {
    "Types": [
      "water"
    ],
    "Stats": {
      "ATK": 75.0,
      "DEF": 75.0,
      "SPE": 75.0,
      "HP": 75.0
    },
    "Moves": [
      "tackle",
      "ember",
      "vine whip",
      "zippy zap"
    ],
    "Evolution": "Mon4"
  },
  "Mon3": {
    "Types": [
      "ground"
    ],
    "Stats": {
      "ATK": 110.0,
      "DEF": 110.0,
      "SPE": 100.0,
      "HP": 100.0
    },
    "Moves": [
      "pulverizing pancake",
      "leaf blade",
      "precipice blades",
      "10,000,000 Volt Thunderbolt"
    ],
    "Evolution": "Mon4"
  },
  "Mon4": {
    "Types": [
      "water"
    ],
    "Stats": {
      "ATK": 25.0,
      "DEF": 25.0,
      "SPE": 25.0,
      "HP": 25.0
    },
    "Moves": [
      "tackle",
      "ember",
      "vine whip",
      "zippy zap"
    ],
    "Evolution": "Mon4"
  }
}