{
  "routes": [
    {
      "name": "route 1110",
      "battles": [
        "wild",
        "Youngster Joey",
        "wild",
        "wild"
      ],
      "wilds": [
        {
          "name": "Rattata",
          "lvl": 3.0,
          "chance": 50
        },
        {
          "name": "Pidgey",
          "lvl": 3.0,
          "chance": 50
        }
      ]
    },
    {
      "name": "gym 1",
      "battles": [
        "TA Alice",
        "TA Bob",
        "Leader Walker White"
      ],
      "wilds": []
    },
    {
      "name": "route 2110",
      "battles": [
        "wild",
        "Pokemaniac Philip",
        "wild",
        "wild"
      ],
      "wilds": [
        {
          "name": "Rattata",
          "lvl": 5.0,
          "chance": 50
        },
        {
          "name": "Pidgey",
          "lvl": 5.0,
          "chance": 50
        }
      ]
    },
    {
      "name": "gym 2",
      "battles": [
        "TA Charlie",
        "TA David",
        "Leader David Gries"
      ],
      "wilds": []
    }
  ],
  "trainers": [
    {
      "name": "Youngster Joey",
      "pokemon": [
        {
          "name": "Rattata",
          "lvl": 4.0
        },
        {
          "name": "Rattata",
          "lvl": 4.0
        },
        {
          "name": "Pidgey",
          "lvl": 4.0
        }
      ]
    },
    {
      "name": "TA Alice",
      "pokemon": [
        {
          "name": "Rattata",
          "lvl": 5.0
        },
        {
          "name": "Rattata",
          "lvl": 6.0
        },
        {
          "name": "Rattata",
          "lvl": 7.0
        }
      ]
    },
    {
      "name": "TA Bob",
      "pokemon": [
        {
          "name": "Pidgey",
          "lvl": 5.0
        },
        {
          "name": "Pidgey",
          "lvl": 6.0
        },
        {
          "name": "Pidgey",
          "lvl": 7.0
        }
      ]
    },
    {
      "name": "TA Charlie",
      "pokemon": [
        {
          "name": "Rattata",
          "lvl": 12.0
        },
        {
          "name": "Rattata",
          "lvl": 12.0
        },
        {
          "name": "Rattata",
          "lvl": 12.0
        }
      ]
    },
    {
      "name": "TA David",
      "pokemon": [
        {
          "name": "Pidgey",
          "lvl": 8.0
        },
        {
          "name": "Pidgey",
          "lvl": 9.0
        },
        {
          "name": "Pidgey",
          "lvl": 10.0
        }
      ]
    },
    {
      "name": "Leader Walker White",
      "pokemon": [
        {
          "name": "Bulbasaur",
          "lvl": 15.0
        },
        {
          "name": "Charmander",
          "lvl": 15.0
        },
        {
          "name": "Squirtle",
          "lvl": 15.0
        }
      ]
    },
    {
      "name": "Leader David Gries",
      "pokemon": [
        {
          "name": "Bulbasaur",
          "lvl": 15.0
        },
        {
          "name": "Charmander",
          "lvl": 15.0
        },
        {
          "name": "Squirtle",
          "lvl": 15.0
        }
      ]
    },
    {
      "name": "Pokemaniac Philip",
      "pokemon": [
        {
          "name": "Pidgey",
          "lvl": 7.0
        },
        {
          "name": "Rattata",
          "lvl": 7.0
        },
        {
          "name": "Pikachu",
          "lvl": 8.0
        }
      ]
    }
  ]
}