{
  "routes": [
    {
      "name": "route 1110",
      "battles": [
        "wild",
        "Youngster Joey",
        "wild",
        "wild"
      ],
      "wilds": [
        {
          "name": "Mon4",
          "lvl": 1.0,
          "chance": 30
        },
        {
          "name": "Mon4",
          "lvl": 2.0,
          "chance": 20
        },
        {
          "name": "Mon3",
          "lvl": 1.0,
          "chance": 20
        },
        {
          "name": "Mon1",
          "lvl": 1.0,
          "chance": 30
        }
      ]
    },
    {
      "name": "gym 1",
      "battles": [
        "TA Alaia",
        "TA Kerri",
        "Boss Clarkson"
      ],
      "wilds": []
    }
  ],
  "trainers": [
    {
      "name": "Youngster Joey",
      "pokemon": [
        {
          "name": "Mon2",
          "lvl": 1.0
        },
        {
          "name": "Mon4",
          "lvl": 1.0
        },
        {
          "name": "Mon4",
          "lvl": 1.0
        }
      ]
    },
    {
      "name": "TA Alaia",
      "pokemon": [
        {
          "name": "Mon2",
          "lvl": 1.0
        }
      ]
    },
    {
      "name": "TA Kerri",
      "pokemon": [
        {
          "name": "Mon2",
          "lvl": 1.0
        }
      ]
    },
    {
      "name": "Boss Clarkson",
      "pokemon": [
        {
          "name": "Mon3",
          "lvl": 1.0
        }
      ]
    }
  ]
}