{
  "type": "object",
  "properties": {
    "towns": {
      "type": "array",
      "items": {
        "type": "object",
        "properties": {
          "id": {
            "type": "string"
          },
          "description": {
            "type": "string"
          },
          "dynamic descriptions": {
            "type": "array",
            "items": {
              "type": "object",
              "properties": {
                "town items": {
                  "type": "array",
                  "items": {
                    "type": "string"
                  }
                },
                "player items": {
                  "type": "array",
                  "items": {
                    "type": "string"
                  }
                },
                "description": {
                  "type": "string"
                }
              }
            }
          },
          "score": {
            "type": "int"
          },
          "exits": {
            "type": "array",
            "items": {
              "type": "object",
              "properties": {
                "name": {
                  "type": "string"
                },
                "is locked": {
                  "type": "boolean"
                },
                "keys": {
                  "type": "array",
                  "items": {
                    "type": "string"
                  }
                },
                "town id": {
                  "type": "string"
                }
              },
              "required": [
                "name",
                "description",
                "score",
                "town id"
              ]
            }
          }
        },
        "required": [
          "id",
          "description",
          "score",
          "exits"
        ]
      }
    },
    "start town": {
      "type": "string"
    },
    "adventure items": {
      "type": "array",
      "items": {
        "type": "object",
        "properties": {
          "name": {
            "type": "string"
          },
          "start town": {
            "type": "string"
          },
          "score": {
            "type": "int"
          }
        },
        "treasure town": {
          "type": "object",
          "properties": {
            "town id": {
              "type": "string"
            },
            "needed items": {
              "type": "array",
              "items": {
                "type": "string"
              }
            }
          }
        },
        "required": [
          "name",
          "start town",
          "score"
        ]
      }
    }
  },
  "required": [
    "towns",
    "start town"
  ]
}