{
  "size": 18,
  "data": [
    {
      "type": "normal",
      "col": [
        1.0,
        2.0,
        1.0,
        1.0,
        1.0,
        1.0,
        1.0,
        0.0,
        1.0,
        1.0,
        1.0,
        1.0,
        1.0,
        1.0,
        1.0,
        1.0,
        1.0,
        1.0
      ]
    },
    {
      "type": "fighting",
      "col": [
        1.0,
        1.0,
        2.0,
        1.0,
        1.0,
        0.5,
        0.5,
        1.0,
        1.0,
        1.0,
        1.0,
        1.0,
        1.0,
        2.0,
        1.0,
        1.0,
        0.5,
        2.0
      ]
    },
    {
      "type": "flying",
      "col": [
        1.0,
        0.5,
        1.0,
        1.0,
        0.0,
        2.0,
        0.5,
        1.0,
        1.0,
        1.0,
        1.0,
        0.5,
        2.0,
        1.0,
        2.0,
        1.0,
        1.0,
        1.0
      ]
    }
  ]
}