{
  "size": 6,
  "data": [
    {
      "type": "normal",
      "col": [
        1.0,
        1.0,
        1.0,
        1.0,
        1.0,
        1.0
      ]
    },
    {
      "type": "ground",
      "col": [
        1.0,
        1.0,
        1.0,
        2.0,
        2.0,
        0.0
      ]
    },
    {
      "type": "fire",
      "col": [
        1.0,
        2.0,
        0.5,
        2.0,
        0.5,
        1.0
      ]
    },
    {
      "type": "water",
      "col": [
        1.0,
        1.0,
        0.5,
        0.5,
        2.0,
        2.0
      ]
    },
    {
      "type": "grass",
      "col": [
        1.0,
        0.5,
        2.0,
        0.5,
        0.5,
        0.5
      ]
    },
    {
      "type": "electric",
      "col": [
        1.0,
        2.0,
        1.0,
        1.0,
        1.0,
        0.5
      ]
    }
  ]
}